trip_id,start_time,end_time,source,destination,vehicle_type,trip_distance_km,fare_amount,passengers
1,2023-05-01 06:00:00,2023-05-01 06:48:00,MG Road,Airport,Bike,9.86,185.81,4
2,2023-05-01 06:05:00,2023-05-01 06:43:00,MG Road,Airport,Bike,7.8,157.43,3
3,2023-05-01 06:10:00,2023-05-01 06:34:00,Tech Park,MG Road,Cab,16.46,276.71,1
4,2023-05-01 06:15:00,2023-05-01 07:07:00,Mall,City Center,Bus,2.15,79.61,4
5,2023-05-01 06:20:00,2023-05-01 06:37:00,Tech Park,Bus Station,Cab,2.21,80.44,4
6,2023-05-01 06:25:00,2023-05-01 06:55:00,Mall,Mall,Bike,8.13,161.98,3
7,2023-05-01 06:30:00,2023-05-01 07:18:00,Mall,University,Cab,3.03,91.73,4
8,2023-05-01 06:35:00,2023-05-01 07:03:00,University,City Center,Bike,5.02,119.14,4
9,2023-05-01 06:40:00,2023-05-01 07:12:00,Bus Station,Tech Park,Cab,11.49,208.26,1
10,2023-05-01 06:45:00,2023-05-01 07:05:00,Mall,Airport,Bus,24.47,387.04,1
11,2023-05-01 06:50:00,2023-05-01 07:10:00,Airport,MG Road,Bus,18.02,298.2,1
12,2023-05-01 06:55:00,2023-05-01 07:28:00,Mall,MG Road,Cab,16.35,275.2,2
13,2023-05-01 07:00:00,2023-05-01 07:45:00,Mall,Bus Station,Cab,10.22,190.77,2
14,2023-05-01 07:05:00,2023-05-01 07:54:00,Mall,City Center,Bus,28.09,436.9,1
15,2023-05-01 07:10:00,2023-05-01 07:43:00,University,University,Bike,13.12,230.71,1
16,2023-05-01 07:15:00,2023-05-01 07:27:00,University,Bus Station,Bus,4.44,111.15,2
17,2023-05-01 07:20:00,2023-05-01 07:51:00,MG Road,Airport,Bike,19.28,315.55,3
18,2023-05-01 07:25:00,2023-05-01 07:36:00,University,Bus Station,Cab,5.19,121.48,4
19,2023-05-01 07:30:00,2023-05-01 08:03:00,Airport,Mall,Cab,11.67,210.74,4
20,2023-05-01 07:35:00,2023-05-01 08:28:00,Airport,MG Road,Bike,16.21,273.27,1
21,2023-05-01 07:40:00,2023-05-01 08:19:00,University,MG Road,Cab,26.48,414.72,3
22,2023-05-01 07:45:00,2023-05-01 08:32:00,Tech Park,Tech Park,Bike,15.82,267.9,2
23,2023-05-01 07:50:00,2023-05-01 08:01:00,Bus Station,Tech Park,Auto,21.66,348.33,1
24,2023-05-01 07:55:00,2023-05-01 08:25:00,University,University,Bus,29.8,460.45,3
25,2023-05-01 08:00:00,2023-05-01 08:42:00,Mall,Airport,Auto,5.68,128.23,3
26,2023-05-01 08:05:00,2023-05-01 08:26:00,City Center,Mall,Bike,9.69,183.47,3
27,2023-05-01 08:10:00,2023-05-01 08:41:00,Bus Station,City Center,Bus,13.05,229.74,2
28,2023-05-01 08:15:00,2023-05-01 09:08:00,Bus Station,Bus Station,Bike,13.81,240.21,2
29,2023-05-01 08:20:00,2023-05-01 08:54:00,Airport,University,Bus,13.51,236.08,4
30,2023-05-01 08:25:00,2023-05-01 09:23:00,Bus Station,Airport,Bus,27.41,427.53,4
31,2023-05-01 08:30:00,2023-05-01 09:06:00,University,Tech Park,Bus,21.99,352.88,3
32,2023-05-01 08:35:00,2023-05-01 09:26:00,Mall,Bus Station,Bus,19.02,311.97,3
33,2023-05-01 08:40:00,2023-05-01 09:17:00,Mall,Tech Park,Bike,10.66,196.83,2
34,2023-05-01 08:45:00,2023-05-01 09:10:00,MG Road,Bus Station,Bus,25.07,395.3,4
35,2023-05-01 08:50:00,2023-05-01 09:14:00,Mall,City Center,Bus,28.74,445.85,3
36,2023-05-01 08:55:00,2023-05-01 09:51:00,Mall,Airport,Auto,24.99,394.2,4
37,2023-05-01 09:00:00,2023-05-01 09:53:00,Airport,Bus Station,Cab,2.04,78.1,4
38,2023-05-01 09:05:00,2023-05-01 09:17:00,Mall,Mall,Cab,19.82,322.99,3
39,2023-05-01 09:10:00,2023-05-01 09:56:00,MG Road,University,Auto,3.43,97.24,2
40,2023-05-01 09:15:00,2023-05-01 09:31:00,City Center,MG Road,Auto,9.21,176.85,3
41,2023-05-01 09:20:00,2023-05-01 09:50:00,University,Mall,Bike,3.67,100.55,3
42,2023-05-01 09:25:00,2023-05-01 09:43:00,Airport,Mall,Bike,18.91,310.46,4
43,2023-05-01 09:30:00,2023-05-01 10:18:00,City Center,University,Bike,21.22,342.27,3
44,2023-05-01 09:35:00,2023-05-01 10:02:00,Airport,MG Road,Auto,5.21,121.76,2
45,2023-05-01 09:40:00,2023-05-01 09:53:00,Tech Park,Mall,Auto,12.75,225.61,3
46,2023-05-01 09:45:00,2023-05-01 10:19:00,Bus Station,Bus Station,Bus,14.77,253.43,2
47,2023-05-01 09:50:00,2023-05-01 10:13:00,Tech Park,Bus Station,Bike,12.33,219.83,2
48,2023-05-01 09:55:00,2023-05-01 10:54:00,Mall,Bus Station,Bike,5.39,124.24,4
49,2023-05-01 10:00:00,2023-05-01 10:18:00,City Center,MG Road,Bike,13.73,239.11,1
50,2023-05-01 10:05:00,2023-05-01 10:40:00,Mall,Mall,Cab,23.03,367.2,1
51,2023-05-01 10:10:00,2023-05-01 10:21:00,Bus Station,MG Road,Bus,3.99,104.96,4
52,2023-05-01 10:15:00,2023-05-01 10:44:00,Airport,Bus Station,Bike,4.25,108.54,3
53,2023-05-01 10:20:00,2023-05-01 10:57:00,Bus Station,University,Bike,11.93,214.32,4
54,2023-05-01 10:25:00,2023-05-01 11:21:00,MG Road,Mall,Bike,28.37,440.75,2
55,2023-05-01 10:30:00,2023-05-01 10:46:00,Bus Station,Mall,Cab,20.72,335.39,1
56,2023-05-01 10:35:00,2023-05-01 11:28:00,MG Road,Tech Park,Cab,21.0,339.24,4
57,2023-05-01 10:40:00,2023-05-01 10:57:00,Bus Station,Tech Park,Auto,12.13,217.07,3
58,2023-05-01 10:45:00,2023-05-01 11:41:00,University,City Center,Bus,18.62,306.46,4
59,2023-05-01 10:50:00,2023-05-01 11:34:00,MG Road,Airport,Auto,2.28,81.4,1
60,2023-05-01 10:55:00,2023-05-01 11:18:00,City Center,Tech Park,Bus,19.81,322.85,4
61,2023-05-01 11:00:00,2023-05-01 11:26:00,Mall,MG Road,Cab,27.57,429.74,4
62,2023-05-01 11:05:00,2023-05-01 11:50:00,Mall,Tech Park,Bike,19.15,313.76,1
63,2023-05-01 11:10:00,2023-05-01 12:09:00,Tech Park,City Center,Auto,26.46,414.45,2
64,2023-05-01 11:15:00,2023-05-01 12:04:00,Mall,Mall,Bike,22.27,356.74,2
65,2023-05-01 11:20:00,2023-05-01 11:33:00,Airport,City Center,Auto,5.38,124.1,1
66,2023-05-01 11:25:00,2023-05-01 11:36:00,University,Mall,Cab,27.27,425.6,4
67,2023-05-01 11:30:00,2023-05-01 11:45:00,Bus Station,University,Cab,3.86,103.17,1
68,2023-05-01 11:35:00,2023-05-01 12:26:00,Tech Park,University,Cab,16.95,283.46,2
69,2023-05-01 11:40:00,2023-05-01 11:53:00,Airport,Mall,Auto,5.98,132.37,3
70,2023-05-01 11:45:00,2023-05-01 12:23:00,Airport,Airport,Bus,2.33,82.09,4
71,2023-05-01 11:50:00,2023-05-01 12:17:00,MG Road,Tech Park,Auto,13.82,240.35,2
72,2023-05-01 11:55:00,2023-05-01 12:30:00,Mall,MG Road,Bus,10.26,191.32,4
73,2023-05-01 12:00:00,2023-05-01 12:53:00,City Center,MG Road,Auto,15.61,265.0,1
74,2023-05-01 12:05:00,2023-05-01 12:48:00,City Center,Bus Station,Auto,18.16,300.13,3
75,2023-05-01 12:10:00,2023-05-01 12:29:00,Tech Park,Mall,Cab,3.22,94.35,1
76,2023-05-01 12:15:00,2023-05-01 13:00:00,University,MG Road,Bike,5.44,124.93,3
77,2023-05-01 12:20:00,2023-05-01 12:43:00,City Center,Airport,Bike,17.64,292.96,4
78,2023-05-01 12:25:00,2023-05-01 13:05:00,Bus Station,Mall,Bus,11.61,209.91,4
79,2023-05-01 12:30:00,2023-05-01 13:27:00,City Center,Airport,Bike,22.42,358.8,1
80,2023-05-01 12:35:00,2023-05-01 12:59:00,Tech Park,MG Road,Auto,20.26,329.05,3
81,2023-05-01 12:40:00,2023-05-01 12:57:00,City Center,MG Road,Auto,25.68,403.7,3
82,2023-05-01 12:45:00,2023-05-01 13:08:00,Bus Station,Bus Station,Cab,21.39,344.62,4
83,2023-05-01 12:50:00,2023-05-01 13:22:00,MG Road,MG Road,Cab,14.04,243.38,1
84,2023-05-01 12:55:00,2023-05-01 13:44:00,University,Mall,Bike,20.84,337.04,3
85,2023-05-01 13:00:00,2023-05-01 13:30:00,Tech Park,University,Bus,9.71,183.74,4
86,2023-05-01 13:05:00,2023-05-01 13:30:00,MG Road,Mall,Bike,10.58,195.72,2
87,2023-05-01 13:10:00,2023-05-01 14:04:00,MG Road,Mall,Bike,24.09,381.8,1
88,2023-05-01 13:15:00,2023-05-01 13:42:00,MG Road,Bus Station,Bike,14.5,249.72,2
89,2023-05-01 13:20:00,2023-05-01 14:16:00,Airport,Bus Station,Bike,24.35,385.38,1
90,2023-05-01 13:25:00,2023-05-01 13:58:00,University,MG Road,Auto,25.03,394.75,4
91,2023-05-01 13:30:00,2023-05-01 14:05:00,Mall,City Center,Bus,26.01,408.25,3
92,2023-05-01 13:35:00,2023-05-01 14:09:00,University,City Center,Auto,27.67,431.11,3
93,2023-05-01 13:40:00,2023-05-01 14:34:00,Airport,Bus Station,Bus,14.07,243.79,3
94,2023-05-01 13:45:00,2023-05-01 14:35:00,Mall,MG Road,Cab,10.93,200.54,1
95,2023-05-01 13:50:00,2023-05-01 14:28:00,University,City Center,Bike,18.3,302.06,4
96,2023-05-01 13:55:00,2023-05-01 14:19:00,MG Road,MG Road,Auto,12.39,220.65,2
97,2023-05-01 14:00:00,2023-05-01 14:54:00,Tech Park,MG Road,Bus,18.83,309.36,4
98,2023-05-01 14:05:00,2023-05-01 14:15:00,Mall,MG Road,Cab,21.76,349.71,2
99,2023-05-01 14:10:00,2023-05-01 14:44:00,Bus Station,Tech Park,Cab,21.28,343.1,1
100,2023-05-01 14:15:00,2023-05-01 14:31:00,Bus Station,Mall,Bike,12.49,222.03,1
101,2023-05-01 14:20:00,2023-05-01 14:38:00,City Center,MG Road,Bus,6.67,141.87,2
102,2023-05-01 14:25:00,2023-05-01 14:58:00,Mall,Tech Park,Auto,14.05,243.52,2
103,2023-05-01 14:30:00,2023-05-01 14:40:00,Tech Park,Bus Station,Bike,5.99,132.5,2
104,2023-05-01 14:35:00,2023-05-01 15:28:00,Airport,City Center,Auto,26.92,420.78,4
105,2023-05-01 14:40:00,2023-05-01 14:57:00,MG Road,Mall,Cab,11.68,210.87,2
106,2023-05-01 14:45:00,2023-05-01 15:18:00,City Center,University,Auto,6.32,137.05,1
107,2023-05-01 14:50:00,2023-05-01 15:10:00,Bus Station,City Center,Auto,2.71,87.33,1
108,2023-05-01 14:55:00,2023-05-01 15:21:00,Airport,Mall,Bike,20.08,326.57,3
109,2023-05-01 15:00:00,2023-05-01 15:17:00,Airport,University,Auto,19.83,323.13,2
110,2023-05-01 15:05:00,2023-05-01 15:49:00,MG Road,City Center,Bike,11.54,208.95,4
111,2023-05-01 15:10:00,2023-05-01 15:54:00,Mall,Mall,Cab,4.01,105.23,4
112,2023-05-01 15:15:00,2023-05-01 15:57:00,Bus Station,City Center,Bike,13.47,235.53,4
113,2023-05-01 15:20:00,2023-05-01 15:34:00,Tech Park,City Center,Bike,10.71,197.51,3
114,2023-05-01 15:25:00,2023-05-01 16:16:00,Airport,University,Bus,20.96,338.69,1
115,2023-05-01 15:30:00,2023-05-01 16:18:00,MG Road,City Center,Auto,18.96,311.15,4
116,2023-05-01 15:35:00,2023-05-01 16:25:00,Tech Park,City Center,Cab,12.21,218.17,1
117,2023-05-01 15:40:00,2023-05-01 16:17:00,Mall,University,Bike,8.1,161.57,3
118,2023-05-01 15:45:00,2023-05-01 16:01:00,Bus Station,Bus Station,Cab,29.67,458.66,2
119,2023-05-01 15:50:00,2023-05-01 16:08:00,Mall,MG Road,Bus,14.71,252.61,2
120,2023-05-01 15:55:00,2023-05-01 16:12:00,Airport,Airport,Auto,21.27,342.96,2
121,2023-05-01 16:00:00,2023-05-01 16:21:00,Tech Park,Tech Park,Bike,5.94,131.81,4
122,2023-05-01 16:05:00,2023-05-01 16:48:00,Tech Park,Airport,Auto,15.6,264.87,2
123,2023-05-01 16:10:00,2023-05-01 16:52:00,Tech Park,Airport,Bus,2.77,88.15,4
124,2023-05-01 16:15:00,2023-05-01 17:12:00,Airport,Mall,Bus,16.15,272.44,3
125,2023-05-01 16:20:00,2023-05-01 16:52:00,Airport,MG Road,Cab,28.99,449.29,3
126,2023-05-01 16:25:00,2023-05-01 16:58:00,Mall,Mall,Bike,12.76,225.75,4
127,2023-05-01 16:30:00,2023-05-01 17:16:00,City Center,MG Road,Cab,3.09,92.56,1
128,2023-05-01 16:35:00,2023-05-01 17:19:00,Mall,University,Bus,2.87,89.53,2
129,2023-05-01 16:40:00,2023-05-01 17:33:00,Bus Station,University,Auto,12.86,227.13,2
130,2023-05-01 16:45:00,2023-05-01 17:34:00,MG Road,MG Road,Cab,6.48,139.25,2
131,2023-05-01 16:50:00,2023-05-01 17:21:00,Tech Park,City Center,Cab,2.65,86.5,4
132,2023-05-01 16:55:00,2023-05-01 17:31:00,City Center,Bus Station,Auto,23.17,369.13,3
133,2023-05-01 17:00:00,2023-05-01 17:44:00,MG Road,City Center,Cab,14.84,254.4,2
134,2023-05-01 17:05:00,2023-05-01 17:15:00,City Center,Bus Station,Auto,10.1,189.11,3
135,2023-05-01 17:10:00,2023-05-01 17:54:00,University,Mall,Bike,27.2,424.64,2
136,2023-05-01 17:15:00,2023-05-01 18:01:00,Mall,Bus Station,Auto,5.25,122.31,2
137,2023-05-01 17:20:00,2023-05-01 18:16:00,Airport,Mall,Bike,28.77,446.26,4
138,2023-05-01 17:25:00,2023-05-01 17:48:00,Tech Park,University,Auto,10.79,198.62,1
139,2023-05-01 17:30:00,2023-05-01 17:42:00,Mall,Airport,Bus,26.88,420.23,4
140,2023-05-01 17:35:00,2023-05-01 17:45:00,MG Road,University,Bus,18.88,310.04,2
141,2023-05-01 17:40:00,2023-05-01 17:54:00,University,University,Bike,25.15,396.4,2
142,2023-05-01 17:45:00,2023-05-01 18:20:00,University,Airport,Bike,29.55,457.01,1
143,2023-05-01 17:50:00,2023-05-01 18:13:00,University,Bus Station,Bus,10.08,188.84,3
144,2023-05-01 17:55:00,2023-05-01 18:43:00,MG Road,Bus Station,Bike,28.91,448.19,3
145,2023-05-01 18:00:00,2023-05-01 18:36:00,MG Road,Mall,Auto,12.91,227.82,2
146,2023-05-01 18:05:00,2023-05-01 18:23:00,MG Road,City Center,Auto,12.79,226.16,3
147,2023-05-01 18:10:00,2023-05-01 18:34:00,MG Road,Mall,Bus,11.53,208.81,2
148,2023-05-01 18:15:00,2023-05-01 18:39:00,University,City Center,Cab,17.16,286.35,1
149,2023-05-01 18:20:00,2023-05-01 18:55:00,University,University,Auto,6.32,137.05,1
150,2023-05-01 18:25:00,2023-05-01 19:16:00,City Center,Airport,Bike,17.5,291.04,2
151,2023-05-01 18:30:00,2023-05-01 18:52:00,Mall,University,Cab,17.17,286.49,1
152,2023-05-01 18:35:00,2023-05-01 19:16:00,Tech Park,MG Road,Cab,23.33,371.34,4
153,2023-05-01 18:40:00,2023-05-01 19:28:00,Airport,Bus Station,Auto,25.34,399.02,4
154,2023-05-01 18:45:00,2023-05-01 19:43:00,University,City Center,Auto,14.33,247.37,1
155,2023-05-01 18:50:00,2023-05-01 19:31:00,Airport,Mall,Cab,10.47,194.21,2
156,2023-05-01 18:55:00,2023-05-01 19:08:00,Mall,Airport,Cab,9.26,177.54,2
157,2023-05-01 19:00:00,2023-05-01 19:39:00,Mall,City Center,Bus,7.45,152.61,1
158,2023-05-01 19:05:00,2023-05-01 19:51:00,Airport,Mall,Bike,3.61,99.72,3
159,2023-05-01 19:10:00,2023-05-01 19:42:00,University,Bus Station,Bus,11.59,209.63,4
160,2023-05-01 19:15:00,2023-05-01 20:03:00,Airport,University,Auto,9.57,181.81,3
161,2023-05-01 19:20:00,2023-05-01 20:14:00,City Center,Bus Station,Bus,29.06,450.26,2
162,2023-05-01 19:25:00,2023-05-01 19:49:00,Bus Station,Tech Park,Bus,17.62,292.69,2
163,2023-05-01 19:30:00,2023-05-01 20:22:00,University,MG Road,Bus,11.72,211.43,3
164,2023-05-01 19:35:00,2023-05-01 20:13:00,University,Tech Park,Bus,18.25,301.37,1
165,2023-05-01 19:40:00,2023-05-01 20:25:00,Tech Park,Airport,Bike,5.9,131.26,3
166,2023-05-01 19:45:00,2023-05-01 20:07:00,MG Road,City Center,Bike,14.43,248.75,3
167,2023-05-01 19:50:00,2023-05-01 20:31:00,Bus Station,Airport,Cab,19.53,319.0,4
168,2023-05-01 19:55:00,2023-05-01 20:11:00,Mall,University,Auto,15.69,266.11,4
169,2023-05-01 20:00:00,2023-05-01 20:31:00,University,Mall,Bus,13.25,232.5,3
170,2023-05-01 20:05:00,2023-05-01 20:42:00,Airport,Bus Station,Cab,29.83,460.86,3
171,2023-05-01 20:10:00,2023-05-01 20:21:00,Bus Station,Tech Park,Cab,26.65,417.06,2
172,2023-05-01 20:15:00,2023-05-01 21:06:00,Tech Park,Tech Park,Cab,19.46,318.03,4
173,2023-05-01 20:20:00,2023-05-01 21:14:00,Mall,University,Bike,17.94,297.1,4
174,2023-05-01 20:25:00,2023-05-01 20:40:00,MG Road,Tech Park,Bus,19.38,316.93,2
175,2023-05-01 20:30:00,2023-05-01 21:07:00,MG Road,University,Bus,7.64,155.23,1
176,2023-05-01 20:35:00,2023-05-01 21:12:00,Tech Park,Airport,Auto,13.06,229.88,4
177,2023-05-01 20:40:00,2023-05-01 21:33:00,Tech Park,Bus Station,Bus,3.1,92.7,4
178,2023-05-01 20:45:00,2023-05-01 21:38:00,Airport,City Center,Bus,15.32,261.01,1
179,2023-05-01 20:50:00,2023-05-01 21:19:00,University,Mall,Cab,17.2,286.9,4
180,2023-05-01 20:55:00,2023-05-01 21:34:00,MG Road,City Center,Auto,8.38,165.42,4
181,2023-05-01 21:00:00,2023-05-01 21:20:00,Mall,Airport,Bus,28.99,449.29,1
182,2023-05-01 21:05:00,2023-05-01 21:42:00,Bus Station,Mall,Bike,27.46,428.22,1
183,2023-05-01 21:10:00,2023-05-01 21:44:00,Mall,Tech Park,Bus,22.22,356.05,3
184,2023-05-01 21:15:00,2023-05-01 22:03:00,City Center,MG Road,Cab,16.93,283.19,2
185,2023-05-01 21:20:00,2023-05-01 22:02:00,City Center,Airport,Bike,26.36,413.07,2
186,2023-05-01 21:25:00,2023-05-01 21:35:00,Tech Park,Airport,Cab,5.66,127.96,1
187,2023-05-01 21:30:00,2023-05-01 22:06:00,Airport,Bus Station,Bus,24.13,382.35,1
188,2023-05-01 21:35:00,2023-05-01 21:57:00,City Center,City Center,Bike,5.49,125.62,4
189,2023-05-01 21:40:00,2023-05-01 22:30:00,MG Road,Airport,Auto,24.24,383.87,3
190,2023-05-01 21:45:00,2023-05-01 21:57:00,Mall,Airport,Auto,9.72,183.88,3
191,2023-05-01 21:50:00,2023-05-01 22:38:00,Mall,Tech Park,Bike,26.56,415.82,1
192,2023-05-01 21:55:00,2023-05-01 22:10:00,Tech Park,Tech Park,Bike,28.43,441.58,4
193,2023-05-01 22:00:00,2023-05-01 22:17:00,University,Mall,Cab,6.17,134.98,4
194,2023-05-01 22:05:00,2023-05-01 22:41:00,University,University,Bike,14.95,255.91,2
195,2023-05-01 22:10:00,2023-05-01 22:28:00,Bus Station,University,Cab,29.47,455.91,2
196,2023-05-01 22:15:00,2023-05-01 23:01:00,Tech Park,MG Road,Bus,15.54,264.04,4
197,2023-05-01 22:20:00,2023-05-01 23:02:00,Bus Station,University,Cab,26.18,410.59,2
198,2023-05-01 22:25:00,2023-05-01 23:16:00,University,Bus Station,Bike,18.48,304.53,1
199,2023-05-01 22:30:00,2023-05-01 23:23:00,Tech Park,MG Road,Bike,12.51,222.31,4
200,2023-05-01 22:35:00,2023-05-01 23:08:00,Tech Park,Mall,Bus,10.0,187.74,2
201,2023-05-01 22:40:00,2023-05-01 23:04:00,Tech Park,Tech Park,Bike,7.69,155.92,3
202,2023-05-01 22:45:00,2023-05-01 23:26:00,University,University,Bike,23.33,371.34,4
203,2023-05-01 22:50:00,2023-05-01 23:31:00,Bus Station,City Center,Auto,12.82,226.58,4
204,2023-05-01 22:55:00,2023-05-01 23:28:00,Bus Station,Tech Park,Auto,16.32,274.78,3
205,2023-05-01 23:00:00,2023-05-01 23:50:00,Tech Park,Bus Station,Bus,15.79,267.48,1
206,2023-05-01 23:05:00,2023-05-02 00:03:00,City Center,Tech Park,Cab,18.16,300.13,3
207,2023-05-01 23:10:00,2023-05-02 00:08:00,Airport,Bus Station,Auto,26.24,411.42,4
208,2023-05-01 23:15:00,2023-05-01 23:36:00,University,Bus Station,Cab,29.46,455.77,1
209,2023-05-01 23:20:00,2023-05-02 00:08:00,Airport,Bus Station,Bike,13.41,234.7,2
210,2023-05-01 23:25:00,2023-05-01 23:36:00,Airport,Mall,Auto,25.17,396.68,2
211,2023-05-01 23:30:00,2023-05-01 23:42:00,Bus Station,Bus Station,Bus,23.41,372.44,2
212,2023-05-01 23:35:00,2023-05-02 00:33:00,Bus Station,Bus Station,Bus,18.06,298.75,4
213,2023-05-01 23:40:00,2023-05-02 00:26:00,City Center,City Center,Bus,28.77,446.26,3
214,2023-05-01 23:45:00,2023-05-02 00:43:00,Airport,MG Road,Auto,7.61,154.82,1
215,2023-05-01 23:50:00,2023-05-02 00:16:00,Airport,Airport,Cab,5.06,119.69,2
216,2023-05-01 23:55:00,2023-05-02 00:53:00,Tech Park,MG Road,Bike,25.91,406.87,1
217,2023-05-02 00:00:00,2023-05-02 00:11:00,Bus Station,Bus Station,Cab,14.3,246.96,4
218,2023-05-02 00:05:00,2023-05-02 00:16:00,Airport,City Center,Cab,25.72,404.25,2
219,2023-05-02 00:10:00,2023-05-02 00:47:00,Mall,Tech Park,Bike,27.01,422.02,4
220,2023-05-02 00:15:00,2023-05-02 00:47:00,City Center,City Center,Bike,3.75,101.65,3
221,2023-05-02 00:20:00,2023-05-02 01:06:00,Mall,Bus Station,Auto,26.74,418.3,4
222,2023-05-02 00:25:00,2023-05-02 01:06:00,Mall,City Center,Auto,14.55,250.4,4
223,2023-05-02 00:30:00,2023-05-02 01:12:00,University,University,Auto,16.29,274.37,3
224,2023-05-02 00:35:00,2023-05-02 00:45:00,University,City Center,Auto,19.54,319.13,1
225,2023-05-02 00:40:00,2023-05-02 01:08:00,City Center,Bus Station,Auto,27.94,434.83,3
226,2023-05-02 00:45:00,2023-05-02 00:56:00,Mall,Mall,Bike,2.54,84.98,3
227,2023-05-02 00:50:00,2023-05-02 01:43:00,Airport,University,Cab,15.35,261.42,4
228,2023-05-02 00:55:00,2023-05-02 01:30:00,Bus Station,City Center,Auto,21.26,342.82,1
229,2023-05-02 01:00:00,2023-05-02 01:41:00,City Center,Airport,Auto,22.24,356.32,2
230,2023-05-02 01:05:00,2023-05-02 01:20:00,Tech Park,Airport,Cab,21.39,344.62,3
231,2023-05-02 01:10:00,2023-05-02 01:51:00,Mall,City Center,Auto,5.76,129.34,1
232,2023-05-02 01:15:00,2023-05-02 01:28:00,City Center,Mall,Cab,10.38,192.97,3
233,2023-05-02 01:20:00,2023-05-02 01:40:00,MG Road,Tech Park,Cab,12.04,215.83,3
234,2023-05-02 01:25:00,2023-05-02 01:51:00,MG Road,Bus Station,Bike,24.52,387.73,3
235,2023-05-02 01:30:00,2023-05-02 02:17:00,University,Airport,Bus,9.81,185.12,3
236,2023-05-02 01:35:00,2023-05-02 02:08:00,Bus Station,Tech Park,Bike,7.9,158.81,4
237,2023-05-02 01:40:00,2023-05-02 01:54:00,Airport,City Center,Bus,28.81,446.81,1
238,2023-05-02 01:45:00,2023-05-02 02:28:00,Bus Station,Tech Park,Bus,2.25,80.99,1
239,2023-05-02 01:50:00,2023-05-02 02:05:00,Bus Station,University,Bus,29.94,462.38,1
240,2023-05-02 01:55:00,2023-05-02 02:26:00,Bus Station,MG Road,Auto,20.95,338.55,3
241,2023-05-02 02:00:00,2023-05-02 02:20:00,Bus Station,Airport,Bike,25.2,397.09,4
242,2023-05-02 02:05:00,2023-05-02 03:02:00,Tech Park,City Center,Bus,10.25,191.18,3
243,2023-05-02 02:10:00,2023-05-02 02:35:00,Tech Park,Bus Station,Cab,2.4,83.06,3
244,2023-05-02 02:15:00,2023-05-02 02:57:00,University,Mall,Auto,22.66,362.11,1
245,2023-05-02 02:20:00,2023-05-02 02:38:00,City Center,University,Bike,25.36,399.3,3
246,2023-05-02 02:25:00,2023-05-02 02:40:00,MG Road,City Center,Bus,22.73,363.07,2
247,2023-05-02 02:30:00,2023-05-02 02:55:00,Bus Station,Bus Station,Cab,6.0,132.64,3
248,2023-05-02 02:35:00,2023-05-02 03:13:00,University,Mall,Bike,23.1,368.17,2
249,2023-05-02 02:40:00,2023-05-02 02:52:00,City Center,Mall,Bike,23.53,374.09,3
250,2023-05-02 02:45:00,2023-05-02 03:14:00,MG Road,City Center,Auto,20.44,331.53,4
251,2023-05-02 02:50:00,2023-05-02 03:35:00,Mall,University,Bike,23.45,372.99,4
252,2023-05-02 02:55:00,2023-05-02 03:23:00,Airport,Tech Park,Auto,25.69,403.84,1
253,2023-05-02 03:00:00,2023-05-02 03:35:00,Tech Park,Tech Park,Bus,19.18,314.18,3
254,2023-05-02 03:05:00,2023-05-02 03:17:00,Mall,Mall,Auto,4.48,111.71,2
255,2023-05-02 03:10:00,2023-05-02 03:38:00,MG Road,Tech Park,Cab,15.65,265.56,2
256,2023-05-02 03:15:00,2023-05-02 03:44:00,Mall,MG Road,Auto,4.17,107.44,3
257,2023-05-02 03:20:00,2023-05-02 04:01:00,Airport,Mall,Cab,13.41,234.7,2
258,2023-05-02 03:25:00,2023-05-02 03:41:00,University,Mall,Auto,13.4,234.56,4
259,2023-05-02 03:30:00,2023-05-02 04:20:00,MG Road,Bus Station,Bike,3.85,103.03,2
260,2023-05-02 03:35:00,2023-05-02 04:17:00,Mall,Tech Park,Bus,11.77,212.11,1
261,2023-05-02 03:40:00,2023-05-02 04:29:00,Tech Park,University,Cab,5.11,120.38,4
262,2023-05-02 03:45:00,2023-05-02 04:33:00,Tech Park,Mall,Auto,24.63,389.24,4
263,2023-05-02 03:50:00,2023-05-02 04:17:00,City Center,University,Auto,28.54,443.1,4
264,2023-05-02 03:55:00,2023-05-02 04:44:00,Mall,MG Road,Auto,4.02,105.37,3
265,2023-05-02 04:00:00,2023-05-02 04:10:00,Bus Station,Bus Station,Bike,28.74,445.85,3
266,2023-05-02 04:05:00,2023-05-02 04:25:00,Mall,City Center,Bike,16.63,279.05,4
267,2023-05-02 04:10:00,2023-05-02 04:47:00,University,University,Cab,10.39,193.11,3
268,2023-05-02 04:15:00,2023-05-02 04:49:00,MG Road,Mall,Cab,4.15,107.16,2
269,2023-05-02 04:20:00,2023-05-02 05:19:00,MG Road,MG Road,Bike,16.02,270.65,3
270,2023-05-02 04:25:00,2023-05-02 04:57:00,University,Airport,Cab,24.25,384.01,3
271,2023-05-02 04:30:00,2023-05-02 05:10:00,Mall,MG Road,Bus,21.8,350.26,4
272,2023-05-02 04:35:00,2023-05-02 05:14:00,University,MG Road,Bus,3.41,96.97,1
273,2023-05-02 04:40:00,2023-05-02 05:31:00,Airport,Bus Station,Bike,4.04,105.64,1
274,2023-05-02 04:45:00,2023-05-02 05:29:00,University,City Center,Cab,13.28,232.91,1
275,2023-05-02 04:50:00,2023-05-02 05:06:00,Tech Park,Airport,Auto,10.27,191.45,2
276,2023-05-02 04:55:00,2023-05-02 05:20:00,University,Tech Park,Bus,8.51,167.21,3
277,2023-05-02 05:00:00,2023-05-02 05:35:00,MG Road,Tech Park,Bike,9.87,185.94,1
278,2023-05-02 05:05:00,2023-05-02 06:02:00,Tech Park,University,Cab,24.5,387.45,4
279,2023-05-02 05:10:00,2023-05-02 06:08:00,MG Road,MG Road,Bike,28.02,435.93,1
280,2023-05-02 05:15:00,2023-05-02 05:26:00,City Center,Bus Station,Auto,13.34,233.74,1
281,2023-05-02 05:20:00,2023-05-02 05:30:00,Bus Station,Bus Station,Bus,27.37,426.98,3
282,2023-05-02 05:25:00,2023-05-02 06:22:00,MG Road,Tech Park,Bike,11.0,201.51,3
283,2023-05-02 05:30:00,2023-05-02 05:51:00,Tech Park,University,Bike,15.34,261.29,3
284,2023-05-02 05:35:00,2023-05-02 05:49:00,City Center,University,Bike,8.33,164.73,2
285,2023-05-02 05:40:00,2023-05-02 06:26:00,MG Road,University,Auto,19.93,324.51,2
286,2023-05-02 05:45:00,2023-05-02 06:26:00,Airport,Airport,Bike,29.41,455.08,1
287,2023-05-02 05:50:00,2023-05-02 06:08:00,University,City Center,Auto,18.9,310.32,3
288,2023-05-02 05:55:00,2023-05-02 06:45:00,Bus Station,Airport,Auto,12.02,215.56,1
289,2023-05-02 06:00:00,2023-05-02 06:44:00,MG Road,Mall,Auto,20.14,327.4,4
290,2023-05-02 06:05:00,2023-05-02 06:33:00,City Center,Mall,Bus,5.44,124.93,4
291,2023-05-02 06:10:00,2023-05-02 07:07:00,Airport,City Center,Bus,26.88,420.23,3
292,2023-05-02 06:15:00,2023-05-02 06:40:00,Mall,Tech Park,Bike,16.09,271.62,3
293,2023-05-02 06:20:00,2023-05-02 06:32:00,City Center,City Center,Bike,14.58,250.82,4
294,2023-05-02 06:25:00,2023-05-02 06:54:00,University,Bus Station,Bus,18.4,303.43,3
295,2023-05-02 06:30:00,2023-05-02 07:03:00,City Center,Mall,Cab,19.49,318.45,2
296,2023-05-02 06:35:00,2023-05-02 07:17:00,Airport,MG Road,Bus,4.01,105.23,2
297,2023-05-02 06:40:00,2023-05-02 07:13:00,City Center,MG Road,Auto,21.11,340.76,3
298,2023-05-02 06:45:00,2023-05-02 07:05:00,Airport,Tech Park,Bus,8.77,170.79,4
299,2023-05-02 06:50:00,2023-05-02 07:48:00,MG Road,Bus Station,Auto,21.99,352.88,1
300,2023-05-02 06:55:00,2023-05-02 07:12:00,Airport,Airport,Bike,25.03,394.75,3
301,2023-05-02 07:00:00,2023-05-02 07:45:00,Airport,Bus Station,Cab,24.51,387.59,3
302,2023-05-02 07:05:00,2023-05-02 07:52:00,Bus Station,MG Road,Bike,17.47,290.62,1
303,2023-05-02 07:10:00,2023-05-02 07:59:00,Airport,MG Road,Auto,16.56,278.09,3
304,2023-05-02 07:15:00,2023-05-02 07:44:00,Airport,Mall,Auto,6.0,132.64,1
305,2023-05-02 07:20:00,2023-05-02 08:04:00,Mall,Bus Station,Auto,23.71,376.57,4
306,2023-05-02 07:25:00,2023-05-02 08:22:00,MG Road,Bus Station,Cab,9.6,182.23,2
307,2023-05-02 07:30:00,2023-05-02 08:04:00,University,MG Road,Bus,15.91,269.14,4
308,2023-05-02 07:35:00,2023-05-02 08:19:00,Bus Station,Airport,Bike,9.96,187.18,2
309,2023-05-02 07:40:00,2023-05-02 08:14:00,Mall,Tech Park,Bike,5.75,129.2,1
310,2023-05-02 07:45:00,2023-05-02 08:23:00,Tech Park,University,Bus,19.63,320.37,2
311,2023-05-02 07:50:00,2023-05-02 08:17:00,MG Road,Tech Park,Bike,3.52,98.48,4
312,2023-05-02 07:55:00,2023-05-02 08:50:00,MG Road,Bus Station,Cab,22.96,366.24,2
313,2023-05-02 08:00:00,2023-05-02 08:27:00,Tech Park,Tech Park,Bike,10.89,199.99,1
314,2023-05-02 08:05:00,2023-05-02 08:16:00,University,MG Road,Auto,2.0,77.55,2
315,2023-05-02 08:10:00,2023-05-02 08:54:00,Airport,MG Road,Bus,16.31,274.65,3
316,2023-05-02 08:15:00,2023-05-02 08:40:00,Mall,Bus Station,Cab,3.31,95.59,4
317,2023-05-02 08:20:00,2023-05-02 09:10:00,City Center,Bus Station,Bus,9.73,184.02,3
318,2023-05-02 08:25:00,2023-05-02 09:10:00,Bus Station,University,Cab,21.8,350.26,1
319,2023-05-02 08:30:00,2023-05-02 09:12:00,City Center,University,Auto,3.76,101.79,2
320,2023-05-02 08:35:00,2023-05-02 08:48:00,Tech Park,Mall,Bus,25.5,401.22,3
321,2023-05-02 08:40:00,2023-05-02 09:22:00,MG Road,Bus Station,Bike,2.11,79.06,3
322,2023-05-02 08:45:00,2023-05-02 09:08:00,University,Airport,Cab,8.91,172.72,2
323,2023-05-02 08:50:00,2023-05-02 09:20:00,MG Road,Tech Park,Bus,22.75,363.35,2
324,2023-05-02 08:55:00,2023-05-02 09:52:00,Bus Station,Bus Station,Bike,10.86,199.58,4
325,2023-05-02 09:00:00,2023-05-02 09:29:00,MG Road,City Center,Bus,4.85,116.8,3
326,2023-05-02 09:05:00,2023-05-02 09:22:00,MG Road,Mall,Bus,12.09,216.52,3
327,2023-05-02 09:10:00,2023-05-02 09:26:00,Bus Station,City Center,Bus,9.57,181.81,1
328,2023-05-02 09:15:00,2023-05-02 09:27:00,Mall,MG Road,Cab,25.6,402.6,4
329,2023-05-02 09:20:00,2023-05-02 09:46:00,Mall,University,Bike,10.77,198.34,1
330,2023-05-02 09:25:00,2023-05-02 10:07:00,Bus Station,Tech Park,Auto,24.09,381.8,3
331,2023-05-02 09:30:00,2023-05-02 10:27:00,University,Bus Station,Cab,26.97,421.47,1
332,2023-05-02 09:35:00,2023-05-02 09:56:00,Tech Park,City Center,Cab,14.15,244.9,3
333,2023-05-02 09:40:00,2023-05-02 10:11:00,MG Road,Tech Park,Cab,27.48,428.5,3
334,2023-05-02 09:45:00,2023-05-02 10:16:00,University,MG Road,Auto,12.56,223.0,1
335,2023-05-02 09:50:00,2023-05-02 10:45:00,MG Road,University,Bike,28.99,449.29,1
336,2023-05-02 09:55:00,2023-05-02 10:34:00,Tech Park,Airport,Bike,4.5,111.98,2
337,2023-05-02 10:00:00,2023-05-02 10:47:00,Mall,Mall,Bike,21.24,342.55,2
338,2023-05-02 10:05:00,2023-05-02 10:52:00,University,Tech Park,Bus,15.83,268.03,2
339,2023-05-02 10:10:00,2023-05-02 11:04:00,Airport,Tech Park,Bus,12.85,226.99,3
340,2023-05-02 10:15:00,2023-05-02 10:32:00,Airport,Airport,Bus,19.72,321.61,1
341,2023-05-02 10:20:00,2023-05-02 10:56:00,Airport,Tech Park,Auto,21.71,349.02,4
342,2023-05-02 10:25:00,2023-05-02 11:01:00,Mall,MG Road,Bus,2.12,79.2,3
343,2023-05-02 10:30:00,2023-05-02 11:13:00,Mall,MG Road,Auto,6.67,141.87,4
344,2023-05-02 10:35:00,2023-05-02 11:05:00,Tech Park,Airport,Bike,21.97,352.6,1
345,2023-05-02 10:40:00,2023-05-02 11:19:00,MG Road,Mall,Bus,20.66,334.56,3
346,2023-05-02 10:45:00,2023-05-02 11:27:00,Tech Park,Bus Station,Bus,29.05,450.12,4
347,2023-05-02 10:50:00,2023-05-02 11:27:00,Tech Park,City Center,Cab,23.31,371.06,4
348,2023-05-02 10:55:00,2023-05-02 11:51:00,Mall,Bus Station,Auto,28.62,444.2,2
349,2023-05-02 11:00:00,2023-05-02 11:42:00,Airport,Tech Park,Bike,21.67,348.47,2
350,2023-05-02 11:05:00,2023-05-02 11:19:00,City Center,City Center,Cab,10.35,192.56,2
351,2023-05-02 11:10:00,2023-05-02 12:07:00,MG Road,Airport,Cab,4.95,118.18,3
352,2023-05-02 11:15:00,2023-05-02 11:43:00,Mall,Airport,Bike,23.89,379.05,1
353,2023-05-02 11:20:00,2023-05-02 11:33:00,Airport,Mall,Cab,20.04,326.02,1
354,2023-05-02 11:25:00,2023-05-02 12:09:00,University,City Center,Auto,3.35,96.14,2
355,2023-05-02 11:30:00,2023-05-02 12:28:00,City Center,MG Road,Auto,12.08,216.38,2
356,2023-05-02 11:35:00,2023-05-02 12:01:00,City Center,City Center,Bus,28.79,446.54,2
357,2023-05-02 11:40:00,2023-05-02 12:33:00,Mall,Tech Park,Cab,16.01,270.51,4
358,2023-05-02 11:45:00,2023-05-02 12:22:00,Bus Station,MG Road,Bus,14.12,244.48,2
359,2023-05-02 11:50:00,2023-05-02 12:29:00,MG Road,University,Cab,14.82,254.12,4
360,2023-05-02 11:55:00,2023-05-02 12:33:00,City Center,University,Auto,7.85,158.12,1
361,2023-05-02 12:00:00,2023-05-02 12:55:00,Mall,University,Auto,12.32,219.69,3
362,2023-05-02 12:05:00,2023-05-02 12:20:00,Mall,Airport,Auto,12.35,220.1,3
363,2023-05-02 12:10:00,2023-05-02 12:54:00,Airport,City Center,Cab,3.47,97.79,3
364,2023-05-02 12:15:00,2023-05-02 13:05:00,University,University,Auto,23.49,373.54,3
365,2023-05-02 12:20:00,2023-05-02 13:06:00,Bus Station,Bus Station,Cab,13.66,238.15,4
366,2023-05-02 12:25:00,2023-05-02 12:58:00,MG Road,Mall,Bus,25.02,394.61,4
367,2023-05-02 12:30:00,2023-05-02 13:08:00,Tech Park,Bus Station,Cab,25.81,405.49,2
368,2023-05-02 12:35:00,2023-05-02 13:33:00,University,University,Bus,7.94,159.36,4
369,2023-05-02 12:40:00,2023-05-02 13:35:00,University,Mall,Cab,20.41,331.12,2
370,2023-05-02 12:45:00,2023-05-02 13:25:00,Airport,Tech Park,Bus,15.22,259.63,2
371,2023-05-02 12:50:00,2023-05-02 13:34:00,City Center,Bus Station,Auto,26.64,416.93,3
372,2023-05-02 12:55:00,2023-05-02 13:37:00,City Center,City Center,Bus,8.04,160.74,4
373,2023-05-02 13:00:00,2023-05-02 13:30:00,Airport,City Center,Auto,20.98,338.97,4
374,2023-05-02 13:05:00,2023-05-02 13:46:00,Mall,Bus Station,Auto,19.02,311.97,2
375,2023-05-02 13:10:00,2023-05-02 13:42:00,City Center,University,Bus,10.27,191.45,2
376,2023-05-02 13:15:00,2023-05-02 13:57:00,Bus Station,City Center,Cab,5.82,130.16,1
377,2023-05-02 13:20:00,2023-05-02 13:32:00,MG Road,Tech Park,Cab,20.25,328.91,1
378,2023-05-02 13:25:00,2023-05-02 13:52:00,University,MG Road,Bike,22.68,362.38,2
379,2023-05-02 13:30:00,2023-05-02 14:04:00,University,University,Cab,10.84,199.3,1
380,2023-05-02 13:35:00,2023-05-02 14:26:00,Bus Station,Tech Park,Bike,20.06,326.3,1
381,2023-05-02 13:40:00,2023-05-02 14:20:00,City Center,Mall,Cab,13.06,229.88,2
382,2023-05-02 13:45:00,2023-05-02 13:57:00,University,Tech Park,Cab,21.97,352.6,2
383,2023-05-02 13:50:00,2023-05-02 14:39:00,Tech Park,University,Auto,7.58,154.4,4
384,2023-05-02 13:55:00,2023-05-02 14:50:00,MG Road,Mall,Bike,26.93,420.92,2
385,2023-05-02 14:00:00,2023-05-02 14:33:00,MG Road,University,Cab,10.05,188.42,2
386,2023-05-02 14:05:00,2023-05-02 15:04:00,University,City Center,Bike,12.3,219.41,3
387,2023-05-02 14:10:00,2023-05-02 14:51:00,Airport,MG Road,Auto,3.63,100.0,4
388,2023-05-02 14:15:00,2023-05-02 15:11:00,University,University,Auto,5.12,120.52,4
389,2023-05-02 14:20:00,2023-05-02 14:51:00,Airport,University,Bike,16.44,276.44,4
390,2023-05-02 14:25:00,2023-05-02 14:57:00,University,City Center,Auto,9.49,180.71,3
391,2023-05-02 14:30:00,2023-05-02 14:41:00,Tech Park,Airport,Bus,25.39,399.71,2
392,2023-05-02 14:35:00,2023-05-02 15:11:00,Mall,City Center,Bus,2.41,83.19,4
393,2023-05-02 14:40:00,2023-05-02 15:31:00,MG Road,Mall,Auto,12.61,223.68,4
394,2023-05-02 14:45:00,2023-05-02 14:56:00,University,City Center,Bus,11.45,207.71,1
395,2023-05-02 14:50:00,2023-05-02 15:25:00,Tech Park,City Center,Cab,2.54,84.98,4
396,2023-05-02 14:55:00,2023-05-02 15:21:00,Airport,MG Road,Bike,5.48,125.48,2
397,2023-05-02 15:00:00,2023-05-02 15:49:00,Airport,City Center,Cab,13.58,237.04,2
398,2023-05-02 15:05:00,2023-05-02 15:47:00,MG Road,University,Bike,15.8,267.62,1
399,2023-05-02 15:10:00,2023-05-02 15:28:00,Bus Station,MG Road,Auto,13.32,233.46,4
400,2023-05-02 15:15:00,2023-05-02 16:07:00,University,Bus Station,Cab,16.87,282.36,4
401,2023-05-02 15:20:00,2023-05-02 16:17:00,City Center,Airport,Auto,18.66,307.01,4
402,2023-05-02 15:25:00,2023-05-02 16:13:00,Airport,MG Road,Auto,2.28,81.4,3
403,2023-05-02 15:30:00,2023-05-02 16:08:00,Mall,Mall,Bike,14.99,256.46,4
404,2023-05-02 15:35:00,2023-05-02 16:26:00,Mall,Bus Station,Bike,28.98,449.16,2
405,2023-05-02 15:40:00,2023-05-02 16:15:00,Airport,MG Road,Bike,16.53,277.68,2
406,2023-05-02 15:45:00,2023-05-02 16:29:00,Bus Station,MG Road,Cab,20.97,338.83,3
407,2023-05-02 15:50:00,2023-05-02 16:49:00,Bus Station,Airport,Bus,10.73,197.79,3
408,2023-05-02 15:55:00,2023-05-02 16:29:00,Tech Park,University,Bike,23.67,376.02,4
409,2023-05-02 16:00:00,2023-05-02 16:33:00,Mall,Mall,Bike,23.64,375.61,1
410,2023-05-02 16:05:00,2023-05-02 16:27:00,Tech Park,Tech Park,Cab,16.6,278.64,3
411,2023-05-02 16:10:00,2023-05-02 16:26:00,Mall,Tech Park,Bike,29.33,453.98,3
412,2023-05-02 16:15:00,2023-05-02 17:00:00,University,MG Road,Cab,5.52,126.03,4
413,2023-05-02 16:20:00,2023-05-02 17:14:00,University,City Center,Auto,2.47,84.02,4
414,2023-05-02 16:25:00,2023-05-02 16:54:00,City Center,Mall,Bike,23.56,374.5,3
415,2023-05-02 16:30:00,2023-05-02 16:40:00,University,Bus Station,Bike,24.6,388.83,1
416,2023-05-02 16:35:00,2023-05-02 16:52:00,City Center,City Center,Auto,5.37,123.96,3
417,2023-05-02 16:40:00,2023-05-02 17:35:00,University,City Center,Auto,9.44,180.02,4
418,2023-05-02 16:45:00,2023-05-02 17:10:00,MG Road,Mall,Auto,2.49,84.3,4
419,2023-05-02 16:50:00,2023-05-02 17:13:00,University,University,Bike,10.21,190.63,3
420,2023-05-02 16:55:00,2023-05-02 17:16:00,Tech Park,MG Road,Bus,23.65,375.74,1
421,2023-05-02 17:00:00,2023-05-02 17:32:00,Airport,MG Road,Bus,16.5,277.26,3
422,2023-05-02 17:05:00,2023-05-02 17:29:00,Tech Park,MG Road,Bus,11.75,211.84,3
423,2023-05-02 17:10:00,2023-05-02 17:47:00,Airport,MG Road,Bike,12.41,220.93,4
424,2023-05-02 17:15:00,2023-05-02 17:58:00,Bus Station,Tech Park,Auto,2.04,78.1,1
425,2023-05-02 17:20:00,2023-05-02 17:31:00,Tech Park,MG Road,Bike,10.39,193.11,2
426,2023-05-02 17:25:00,2023-05-02 18:06:00,Bus Station,Tech Park,Auto,20.1,326.85,1
427,2023-05-02 17:30:00,2023-05-02 18:02:00,City Center,Tech Park,Bike,29.28,453.29,3
428,2023-05-02 17:35:00,2023-05-02 18:06:00,City Center,University,Bike,25.72,404.25,3
429,2023-05-02 17:40:00,2023-05-02 18:14:00,MG Road,MG Road,Auto,2.66,86.64,3
430,2023-05-02 17:45:00,2023-05-02 18:16:00,University,Airport,Bus,27.16,424.09,1
431,2023-05-02 17:50:00,2023-05-02 18:21:00,Tech Park,Bus Station,Auto,23.93,379.6,4
432,2023-05-02 17:55:00,2023-05-02 18:53:00,Bus Station,City Center,Cab,23.85,378.5,3
433,2023-05-02 18:00:00,2023-05-02 18:51:00,Airport,Tech Park,Cab,14.82,254.12,3
434,2023-05-02 18:05:00,2023-05-02 18:20:00,City Center,Mall,Auto,13.14,230.98,1
435,2023-05-02 18:10:00,2023-05-02 18:34:00,University,Mall,Bike,10.48,194.35,2
436,2023-05-02 18:15:00,2023-05-02 19:07:00,City Center,Bus Station,Cab,3.84,102.89,2
437,2023-05-02 18:20:00,2023-05-02 19:06:00,Airport,Mall,Cab,8.39,165.56,4
438,2023-05-02 18:25:00,2023-05-02 19:07:00,University,Airport,Bike,8.9,172.58,4
439,2023-05-02 18:30:00,2023-05-02 18:47:00,University,Mall,Bike,15.55,264.18,3
440,2023-05-02 18:35:00,2023-05-02 19:28:00,Bus Station,City Center,Bus,22.93,365.83,1
441,2023-05-02 18:40:00,2023-05-02 19:33:00,Bus Station,City Center,Bike,15.27,260.32,3
442,2023-05-02 18:45:00,2023-05-02 18:59:00,Tech Park,Tech Park,Auto,3.62,99.86,4
443,2023-05-02 18:50:00,2023-05-02 19:38:00,Tech Park,MG Road,Auto,28.82,446.95,1
444,2023-05-02 18:55:00,2023-05-02 19:08:00,Mall,University,Bus,28.4,441.17,1
445,2023-05-02 19:00:00,2023-05-02 19:15:00,Mall,Airport,Cab,23.99,380.43,4
446,2023-05-02 19:05:00,2023-05-02 19:59:00,MG Road,Tech Park,Cab,29.76,459.9,2
447,2023-05-02 19:10:00,2023-05-02 19:51:00,City Center,Airport,Bike,17.25,287.59,2
448,2023-05-02 19:15:00,2023-05-02 19:54:00,Tech Park,MG Road,Auto,28.96,448.88,1
449,2023-05-02 19:20:00,2023-05-02 20:16:00,Bus Station,Mall,Cab,4.12,106.75,3
450,2023-05-02 19:25:00,2023-05-02 20:09:00,Airport,Mall,Bus,12.24,218.59,2
451,2023-05-02 19:30:00,2023-05-02 20:19:00,Bus Station,University,Bus,8.31,164.46,3
452,2023-05-02 19:35:00,2023-05-02 20:00:00,City Center,MG Road,Auto,7.48,153.03,2
453,2023-05-02 19:40:00,2023-05-02 20:02:00,Mall,Tech Park,Bus,5.94,131.81,2
454,2023-05-02 19:45:00,2023-05-02 20:44:00,Bus Station,University,Bus,19.43,317.62,3
455,2023-05-02 19:50:00,2023-05-02 20:41:00,MG Road,MG Road,Auto,23.88,378.91,4
456,2023-05-02 19:55:00,2023-05-02 20:34:00,City Center,Bus Station,Bike,18.19,300.54,2
457,2023-05-02 20:00:00,2023-05-02 20:28:00,Mall,City Center,Bike,6.11,134.16,2
458,2023-05-02 20:05:00,2023-05-02 20:31:00,Airport,University,Bus,24.71,390.34,3
459,2023-05-02 20:10:00,2023-05-02 20:38:00,Mall,University,Bike,19.81,322.85,4
460,2023-05-02 20:15:00,2023-05-02 20:52:00,University,Tech Park,Bike,12.87,227.27,2
461,2023-05-02 20:20:00,2023-05-02 20:55:00,MG Road,Airport,Bus,20.88,337.59,2
462,2023-05-02 20:25:00,2023-05-02 21:11:00,City Center,Bus Station,Bike,9.28,177.82,4
463,2023-05-02 20:30:00,2023-05-02 21:05:00,Airport,Tech Park,Bus,11.67,210.74,2
464,2023-05-02 20:35:00,2023-05-02 21:07:00,MG Road,MG Road,Cab,27.69,431.39,4
465,2023-05-02 20:40:00,2023-05-02 20:58:00,Mall,MG Road,Auto,10.13,189.53,4
466,2023-05-02 20:45:00,2023-05-02 21:06:00,MG Road,MG Road,Auto,15.16,258.81,3
467,2023-05-02 20:50:00,2023-05-02 21:00:00,City Center,MG Road,Bike,26.92,420.78,1
468,2023-05-02 20:55:00,2023-05-02 21:05:00,Tech Park,Airport,Bike,21.82,350.54,4
469,2023-05-02 21:00:00,2023-05-02 21:56:00,MG Road,Bus Station,Bike,3.74,101.51,3
470,2023-05-02 21:05:00,2023-05-02 21:48:00,University,Mall,Auto,6.12,134.29,1
471,2023-05-02 21:10:00,2023-05-02 21:51:00,MG Road,City Center,Cab,2.22,80.58,2
472,2023-05-02 21:15:00,2023-05-02 22:12:00,Mall,Airport,Cab,19.67,320.92,1
473,2023-05-02 21:20:00,2023-05-02 21:54:00,Mall,Airport,Auto,14.53,250.13,4
474,2023-05-02 21:25:00,2023-05-02 22:14:00,Airport,Mall,Cab,5.76,129.34,4
475,2023-05-02 21:30:00,2023-05-02 22:24:00,Mall,Mall,Auto,28.82,446.95,4
476,2023-05-02 21:35:00,2023-05-02 21:45:00,Bus Station,City Center,Cab,16.83,281.81,4
477,2023-05-02 21:40:00,2023-05-02 22:05:00,City Center,City Center,Bus,8.77,170.79,4
478,2023-05-02 21:45:00,2023-05-02 22:33:00,City Center,Mall,Bus,16.02,270.65,3
479,2023-05-02 21:50:00,2023-05-02 22:04:00,Tech Park,MG Road,Auto,21.03,339.66,4
480,2023-05-02 21:55:00,2023-05-02 22:26:00,Tech Park,Airport,Cab,4.13,106.88,3
481,2023-05-02 22:00:00,2023-05-02 22:38:00,City Center,Tech Park,Bike,9.69,183.47,2
482,2023-05-02 22:05:00,2023-05-02 22:17:00,University,City Center,Cab,24.6,388.83,4
483,2023-05-02 22:10:00,2023-05-02 22:31:00,Tech Park,City Center,Bus,14.87,254.81,4
484,2023-05-02 22:15:00,2023-05-02 22:50:00,Airport,Mall,Bus,17.3,288.28,1
485,2023-05-02 22:20:00,2023-05-02 22:45:00,Mall,Bus Station,Cab,14.12,244.48,2
486,2023-05-02 22:25:00,2023-05-02 23:11:00,City Center,Tech Park,Cab,3.23,94.49,4
487,2023-05-02 22:30:00,2023-05-02 23:01:00,Tech Park,Tech Park,Bike,6.64,141.46,4
488,2023-05-02 22:35:00,2023-05-02 23:13:00,City Center,City Center,Bike,14.48,249.44,2
489,2023-05-02 22:40:00,2023-05-02 23:03:00,Bus Station,MG Road,Cab,7.86,158.26,3
490,2023-05-02 22:45:00,2023-05-02 23:22:00,MG Road,Bus Station,Cab,3.4,96.83,4
491,2023-05-02 22:50:00,2023-05-02 23:04:00,Mall,Tech Park,Cab,25.62,402.88,1
492,2023-05-02 22:55:00,2023-05-02 23:51:00,City Center,City Center,Cab,29.47,455.91,4
493,2023-05-02 23:00:00,2023-05-02 23:58:00,MG Road,Tech Park,Auto,24.21,383.46,1
494,2023-05-02 23:05:00,2023-05-02 23:44:00,Tech Park,University,Cab,25.91,406.87,1
495,2023-05-02 23:10:00,2023-05-03 00:05:00,MG Road,Bus Station,Bike,8.78,170.93,4
496,2023-05-02 23:15:00,2023-05-02 23:29:00,Mall,Bus Station,Bus,28.9,448.05,4
497,2023-05-02 23:20:00,2023-05-02 23:41:00,City Center,University,Auto,7.51,153.44,1
498,2023-05-02 23:25:00,2023-05-02 23:50:00,Bus Station,Airport,Cab,28.64,444.47,2
499,2023-05-02 23:30:00,2023-05-03 00:05:00,University,University,Bus,29.85,461.14,2
500,2023-05-02 23:35:00,2023-05-03 00:10:00,Tech Park,Mall,Auto,21.93,352.05,4
501,2023-05-02 23:40:00,2023-05-03 00:37:00,City Center,Mall,Bus,29.47,455.91,3
502,2023-05-02 23:45:00,2023-05-03 00:15:00,Mall,City Center,Cab,17.95,297.23,2
503,2023-05-02 23:50:00,2023-05-03 00:38:00,Tech Park,Bus Station,Cab,9.27,177.68,4
504,2023-05-02 23:55:00,2023-05-03 00:40:00,Airport,Airport,Bike,14.24,246.13,2
505,2023-05-03 00:00:00,2023-05-03 00:42:00,MG Road,Airport,Cab,18.62,306.46,3
506,2023-05-03 00:05:00,2023-05-03 00:44:00,University,Tech Park,Cab,4.05,105.78,4
507,2023-05-03 00:10:00,2023-05-03 00:56:00,Mall,Tech Park,Auto,19.43,317.62,3
508,2023-05-03 00:15:00,2023-05-03 00:47:00,Airport,University,Bike,29.47,455.91,4
509,2023-05-03 00:20:00,2023-05-03 00:39:00,City Center,Airport,Auto,7.32,150.82,3
510,2023-05-03 00:25:00,2023-05-03 00:39:00,Bus Station,University,Bus,24.19,383.18,2
511,2023-05-03 00:30:00,2023-05-03 01:15:00,Tech Park,University,Cab,27.42,427.67,2
512,2023-05-03 00:35:00,2023-05-03 01:18:00,MG Road,Tech Park,Bus,28.42,441.44,3
513,2023-05-03 00:40:00,2023-05-03 01:20:00,Tech Park,Bus Station,Auto,28.88,447.78,3
514,2023-05-03 00:45:00,2023-05-03 01:04:00,University,University,Cab,16.6,278.64,3
515,2023-05-03 00:50:00,2023-05-03 01:18:00,City Center,MG Road,Cab,29.36,454.39,4
516,2023-05-03 00:55:00,2023-05-03 01:36:00,Tech Park,Bus Station,Auto,23.2,369.55,2
517,2023-05-03 01:00:00,2023-05-03 01:10:00,MG Road,Airport,Auto,6.53,139.94,4
518,2023-05-03 01:05:00,2023-05-03 01:19:00,City Center,Airport,Auto,15.35,261.42,2
519,2023-05-03 01:10:00,2023-05-03 02:04:00,Tech Park,University,Auto,22.11,354.53,1
520,2023-05-03 01:15:00,2023-05-03 01:28:00,Bus Station,Bus Station,Auto,8.93,173.0,4
521,2023-05-03 01:20:00,2023-05-03 01:45:00,Mall,Tech Park,Cab,19.94,324.64,2
522,2023-05-03 01:25:00,2023-05-03 01:58:00,City Center,Tech Park,Auto,20.66,334.56,2
523,2023-05-03 01:30:00,2023-05-03 01:55:00,Mall,Mall,Cab,6.56,140.35,4
524,2023-05-03 01:35:00,2023-05-03 01:46:00,City Center,Airport,Cab,17.82,295.44,4
525,2023-05-03 01:40:00,2023-05-03 02:38:00,Bus Station,City Center,Auto,23.61,375.19,2
526,2023-05-03 01:45:00,2023-05-03 02:22:00,Mall,Mall,Auto,15.97,269.96,4
527,2023-05-03 01:50:00,2023-05-03 02:31:00,Airport,Tech Park,Bike,2.34,82.23,3
528,2023-05-03 01:55:00,2023-05-03 02:31:00,MG Road,Bus Station,Cab,2.25,80.99,4
529,2023-05-03 02:00:00,2023-05-03 02:29:00,Airport,Tech Park,Auto,12.0,215.28,4
530,2023-05-03 02:05:00,2023-05-03 02:38:00,Tech Park,Bus Station,Auto,27.93,434.69,4
531,2023-05-03 02:10:00,2023-05-03 02:31:00,Bus Station,Mall,Auto,8.4,165.7,2
532,2023-05-03 02:15:00,2023-05-03 03:14:00,Airport,Airport,Bike,19.76,322.16,3
533,2023-05-03 02:20:00,2023-05-03 03:04:00,City Center,Tech Park,Bike,8.22,163.22,1
534,2023-05-03 02:25:00,2023-05-03 03:07:00,Tech Park,University,Bus,11.01,201.65,1
535,2023-05-03 02:30:00,2023-05-03 03:12:00,Tech Park,Bus Station,Cab,25.75,404.67,3
536,2023-05-03 02:35:00,2023-05-03 03:27:00,Airport,Airport,Bus,22.41,358.66,3
537,2023-05-03 02:40:00,2023-05-03 03:26:00,Airport,City Center,Auto,4.67,114.32,3
538,2023-05-03 02:45:00,2023-05-03 03:06:00,Bus Station,Bus Station,Bike,14.0,242.83,2
539,2023-05-03 02:50:00,2023-05-03 03:02:00,MG Road,Mall,Bike,2.82,88.84,1
540,2023-05-03 02:55:00,2023-05-03 03:05:00,Airport,City Center,Bus,15.46,262.94,3
541,2023-05-03 03:00:00,2023-05-03 03:42:00,University,City Center,Bike,20.55,333.05,2
542,2023-05-03 03:05:00,2023-05-03 03:54:00,Airport,MG Road,Auto,5.32,123.28,1
543,2023-05-03 03:10:00,2023-05-03 03:29:00,Mall,Tech Park,Bike,10.09,188.97,4
544,2023-05-03 03:15:00,2023-05-03 04:07:00,City Center,Bus Station,Bus,13.14,230.98,2
545,2023-05-03 03:20:00,2023-05-03 04:13:00,University,City Center,Auto,27.75,432.21,1
546,2023-05-03 03:25:00,2023-05-03 04:03:00,University,MG Road,Bus,29.81,460.59,2
547,2023-05-03 03:30:00,2023-05-03 03:52:00,Mall,Mall,Bike,3.26,94.9,1
548,2023-05-03 03:35:00,2023-05-03 03:56:00,Mall,Airport,Bus,23.31,371.06,1
549,2023-05-03 03:40:00,2023-05-03 04:20:00,Tech Park,University,Bus,12.41,220.93,4
550,2023-05-03 03:45:00,2023-05-03 04:40:00,MG Road,University,Cab,12.99,228.92,2
551,2023-05-03 03:50:00,2023-05-03 04:01:00,City Center,Bus Station,Bike,23.12,368.44,3
552,2023-05-03 03:55:00,2023-05-03 04:54:00,Bus Station,City Center,Bike,27.72,431.8,4
553,2023-05-03 04:00:00,2023-05-03 04:44:00,University,University,Bus,28.63,444.34,4
554,2023-05-03 04:05:00,2023-05-03 04:37:00,Bus Station,Tech Park,Cab,18.16,300.13,1
555,2023-05-03 04:10:00,2023-05-03 04:36:00,Airport,University,Bike,12.0,215.28,3
556,2023-05-03 04:15:00,2023-05-03 04:50:00,Airport,University,Auto,24.05,381.25,2
557,2023-05-03 04:20:00,2023-05-03 04:37:00,Bus Station,University,Bus,9.03,174.37,3
558,2023-05-03 04:25:00,2023-05-03 05:03:00,Airport,MG Road,Bike,17.79,295.03,3
559,2023-05-03 04:30:00,2023-05-03 05:05:00,MG Road,City Center,Auto,12.04,215.83,3
560,2023-05-03 04:35:00,2023-05-03 04:54:00,Mall,Tech Park,Bike,20.39,330.84,3
561,2023-05-03 04:40:00,2023-05-03 05:15:00,Airport,City Center,Auto,8.73,170.24,3
562,2023-05-03 04:45:00,2023-05-03 05:28:00,Tech Park,Bus Station,Bus,7.36,151.37,1
563,2023-05-03 04:50:00,2023-05-03 05:40:00,Airport,Bus Station,Bike,27.71,431.66,1
564,2023-05-03 04:55:00,2023-05-03 05:11:00,City Center,Bus Station,Bike,4.85,116.8,4
565,2023-05-03 05:00:00,2023-05-03 05:13:00,MG Road,Mall,Cab,16.17,272.72,1
566,2023-05-03 05:05:00,2023-05-03 06:04:00,City Center,University,Bus,8.18,162.67,4
567,2023-05-03 05:10:00,2023-05-03 06:04:00,City Center,Mall,Auto,3.09,92.56,4
568,2023-05-03 05:15:00,2023-05-03 05:35:00,Tech Park,MG Road,Bike,3.01,91.46,2
569,2023-05-03 05:20:00,2023-05-03 05:58:00,MG Road,Bus Station,Bike,6.91,145.17,3
570,2023-05-03 05:25:00,2023-05-03 06:10:00,MG Road,Tech Park,Auto,26.27,411.83,1
571,2023-05-03 05:30:00,2023-05-03 06:04:00,MG Road,City Center,Bus,9.91,186.5,2
572,2023-05-03 05:35:00,2023-05-03 06:05:00,MG Road,University,Cab,28.61,444.06,1
573,2023-05-03 05:40:00,2023-05-03 06:25:00,MG Road,Airport,Cab,18.29,301.92,4
574,2023-05-03 05:45:00,2023-05-03 06:04:00,Tech Park,Tech Park,Bike,14.23,246.0,1
575,2023-05-03 05:50:00,2023-05-03 06:36:00,Airport,University,Auto,18.24,301.23,3
576,2023-05-03 05:55:00,2023-05-03 06:13:00,City Center,Mall,Bike,16.47,276.85,4
577,2023-05-03 06:00:00,2023-05-03 06:33:00,MG Road,Mall,Auto,23.25,370.23,4
578,2023-05-03 06:05:00,2023-05-03 06:49:00,University,Tech Park,Cab,9.91,186.5,2
579,2023-05-03 06:10:00,2023-05-03 07:08:00,Airport,Mall,Bus,11.89,213.77,3
580,2023-05-03 06:15:00,2023-05-03 06:59:00,Airport,Bus Station,Auto,27.03,422.3,4
581,2023-05-03 06:20:00,2023-05-03 07:17:00,City Center,MG Road,Cab,28.5,442.54,3
582,2023-05-03 06:25:00,2023-05-03 07:10:00,Tech Park,City Center,Bike,26.99,421.75,1
583,2023-05-03 06:30:00,2023-05-03 06:57:00,Bus Station,MG Road,Auto,13.74,239.25,3
584,2023-05-03 06:35:00,2023-05-03 07:33:00,Bus Station,University,Bus,23.85,378.5,4
585,2023-05-03 06:40:00,2023-05-03 07:28:00,Airport,City Center,Bike,15.34,261.29,2
586,2023-05-03 06:45:00,2023-05-03 07:26:00,Mall,City Center,Bike,15.93,269.41,4
587,2023-05-03 06:50:00,2023-05-03 07:23:00,Mall,MG Road,Cab,7.73,156.47,3
588,2023-05-03 06:55:00,2023-05-03 07:27:00,City Center,Tech Park,Auto,18.55,305.5,3
589,2023-05-03 07:00:00,2023-05-03 07:41:00,Bus Station,City Center,Bike,7.21,149.31,4
590,2023-05-03 07:05:00,2023-05-03 07:51:00,Airport,MG Road,Bus,11.28,205.37,3
591,2023-05-03 07:10:00,2023-05-03 07:31:00,Tech Park,City Center,Auto,25.94,407.28,1
592,2023-05-03 07:15:00,2023-05-03 08:13:00,Bus Station,Airport,Bus,7.8,157.43,4
593,2023-05-03 07:20:00,2023-05-03 07:42:00,Airport,Tech Park,Bike,3.99,104.96,2
594,2023-05-03 07:25:00,2023-05-03 07:57:00,Airport,Bus Station,Bus,3.93,104.13,4
595,2023-05-03 07:30:00,2023-05-03 08:04:00,MG Road,City Center,Cab,28.34,440.34,1
596,2023-05-03 07:35:00,2023-05-03 08:19:00,Tech Park,Airport,Bus,16.19,272.99,1
597,2023-05-03 07:40:00,2023-05-03 08:30:00,MG Road,Bus Station,Auto,13.46,235.39,1
598,2023-05-03 07:45:00,2023-05-03 08:24:00,City Center,Bus Station,Bus,24.7,390.21,1
599,2023-05-03 07:50:00,2023-05-03 08:16:00,MG Road,University,Bus,25.4,399.85,1
600,2023-05-03 07:55:00,2023-05-03 08:53:00,University,City Center,Cab,11.3,205.64,2
601,2023-05-03 08:00:00,2023-05-03 08:29:00,MG Road,MG Road,Bus,21.42,345.03,3
602,2023-05-03 08:05:00,2023-05-03 09:02:00,University,City Center,Bus,23.59,374.92,1
603,2023-05-03 08:10:00,2023-05-03 08:44:00,Bus Station,Airport,Bike,20.33,330.02,1
604,2023-05-03 08:15:00,2023-05-03 08:46:00,Mall,Bus Station,Bike,6.24,135.95,4
605,2023-05-03 08:20:00,2023-05-03 08:42:00,Airport,City Center,Auto,26.52,415.27,2
606,2023-05-03 08:25:00,2023-05-03 08:53:00,University,MG Road,Bike,17.09,285.39,2
607,2023-05-03 08:30:00,2023-05-03 09:28:00,Tech Park,University,Bike,9.91,186.5,3
608,2023-05-03 08:35:00,2023-05-03 09:20:00,MG Road,City Center,Bike,13.91,241.59,2
609,2023-05-03 08:40:00,2023-05-03 09:01:00,University,Tech Park,Bike,3.05,92.01,4
610,2023-05-03 08:45:00,2023-05-03 09:35:00,Tech Park,University,Cab,5.58,126.86,4
611,2023-05-03 08:50:00,2023-05-03 09:18:00,Mall,MG Road,Bike,23.44,372.85,3
612,2023-05-03 08:55:00,2023-05-03 09:16:00,Mall,Airport,Cab,2.0,77.55,4
613,2023-05-03 09:00:00,2023-05-03 09:18:00,MG Road,Bus Station,Cab,13.66,238.15,1
614,2023-05-03 09:05:00,2023-05-03 09:21:00,City Center,City Center,Bike,16.63,279.05,1
615,2023-05-03 09:10:00,2023-05-03 09:47:00,MG Road,MG Road,Bus,3.53,98.62,4
616,2023-05-03 09:15:00,2023-05-03 09:38:00,Bus Station,University,Cab,29.25,452.88,3
617,2023-05-03 09:20:00,2023-05-03 10:00:00,University,Tech Park,Bus,8.33,164.73,2
618,2023-05-03 09:25:00,2023-05-03 09:53:00,Airport,MG Road,Bus,10.52,194.9,3
619,2023-05-03 09:30:00,2023-05-03 10:26:00,City Center,Mall,Bike,10.51,194.76,2
620,2023-05-03 09:35:00,2023-05-03 10:00:00,MG Road,Tech Park,Auto,8.45,166.39,4
621,2023-05-03 09:40:00,2023-05-03 09:54:00,Tech Park,University,Bike,2.04,78.1,4
622,2023-05-03 09:45:00,2023-05-03 10:29:00,City Center,Airport,Auto,22.42,358.8,1
623,2023-05-03 09:50:00,2023-05-03 10:11:00,University,Bus Station,Auto,29.07,450.4,2
624,2023-05-03 09:55:00,2023-05-03 10:29:00,City Center,University,Bike,8.28,164.04,3
625,2023-05-03 10:00:00,2023-05-03 10:30:00,University,Airport,Bike,20.57,333.32,4
626,2023-05-03 10:05:00,2023-05-03 10:50:00,MG Road,City Center,Auto,22.77,363.62,3
627,2023-05-03 10:10:00,2023-05-03 10:42:00,University,MG Road,Bike,25.76,404.81,1
628,2023-05-03 10:15:00,2023-05-03 10:40:00,City Center,Mall,Auto,13.83,240.49,2
629,2023-05-03 10:20:00,2023-05-03 11:08:00,Tech Park,Tech Park,Bus,10.48,194.35,2
630,2023-05-03 10:25:00,2023-05-03 11:19:00,Mall,Tech Park,Bike,11.11,203.02,4
631,2023-05-03 10:30:00,2023-05-03 11:21:00,City Center,MG Road,Bus,21.95,352.33,2
632,2023-05-03 10:35:00,2023-05-03 11:23:00,University,Mall,Cab,24.87,392.55,4
633,2023-05-03 10:40:00,2023-05-03 11:03:00,Mall,MG Road,Bus,7.09,147.65,1
634,2023-05-03 10:45:00,2023-05-03 11:25:00,University,City Center,Bus,12.39,220.65,2
635,2023-05-03 10:50:00,2023-05-03 11:04:00,Tech Park,Airport,Auto,27.25,425.33,4
636,2023-05-03 10:55:00,2023-05-03 11:39:00,University,University,Bus,24.59,388.69,3
637,2023-05-03 11:00:00,2023-05-03 11:32:00,MG Road,Tech Park,Bike,29.58,457.42,4
638,2023-05-03 11:05:00,2023-05-03 11:43:00,Airport,City Center,Auto,23.12,368.44,2
639,2023-05-03 11:10:00,2023-05-03 12:02:00,City Center,Airport,Cab,13.01,229.19,1
640,2023-05-03 11:15:00,2023-05-03 11:35:00,Airport,City Center,Bike,18.54,305.36,2
641,2023-05-03 11:20:00,2023-05-03 11:47:00,University,Mall,Cab,20.51,332.49,2
642,2023-05-03 11:25:00,2023-05-03 12:21:00,Tech Park,Tech Park,Bus,4.2,107.85,4
643,2023-05-03 11:30:00,2023-05-03 11:51:00,City Center,University,Bike,17.25,287.59,3
644,2023-05-03 11:35:00,2023-05-03 11:53:00,University,MG Road,Bike,21.86,351.09,2
645,2023-05-03 11:40:00,2023-05-03 11:59:00,Mall,MG Road,Cab,6.68,142.01,3
646,2023-05-03 11:45:00,2023-05-03 12:38:00,Bus Station,Airport,Bike,23.86,378.64,4
647,2023-05-03 11:50:00,2023-05-03 12:16:00,University,University,Bike,18.35,302.74,3
648,2023-05-03 11:55:00,2023-05-03 12:42:00,Airport,Bus Station,Bike,28.66,444.75,4
649,2023-05-03 12:00:00,2023-05-03 12:16:00,City Center,Mall,Bus,3.19,93.94,1
650,2023-05-03 12:05:00,2023-05-03 13:00:00,Airport,Airport,Cab,9.43,179.88,3
651,2023-05-03 12:10:00,2023-05-03 12:32:00,City Center,Bus Station,Bike,18.84,309.49,3
652,2023-05-03 12:15:00,2023-05-03 13:04:00,University,City Center,Auto,10.3,191.87,1
653,2023-05-03 12:20:00,2023-05-03 13:11:00,MG Road,Mall,Auto,22.0,353.02,3
654,2023-05-03 12:25:00,2023-05-03 12:43:00,Mall,City Center,Auto,23.25,370.23,1
655,2023-05-03 12:30:00,2023-05-03 13:29:00,University,University,Auto,4.87,117.08,2
656,2023-05-03 12:35:00,2023-05-03 13:11:00,Airport,Tech Park,Bus,16.39,275.75,4
657,2023-05-03 12:40:00,2023-05-03 12:51:00,Bus Station,Mall,Bike,16.25,273.82,1
658,2023-05-03 12:45:00,2023-05-03 12:59:00,Bus Station,Bus Station,Cab,12.34,219.97,3
659,2023-05-03 12:50:00,2023-05-03 13:28:00,Tech Park,Tech Park,Bike,28.12,437.31,1
660,2023-05-03 12:55:00,2023-05-03 13:41:00,City Center,MG Road,Bus,25.17,396.68,3
661,2023-05-03 13:00:00,2023-05-03 13:47:00,Airport,Bus Station,Auto,21.52,346.41,2
662,2023-05-03 13:05:00,2023-05-03 13:33:00,Tech Park,Airport,Bus,22.0,353.02,1
663,2023-05-03 13:10:00,2023-05-03 13:27:00,Airport,MG Road,Bike,14.93,255.64,2
664,2023-05-03 13:15:00,2023-05-03 14:12:00,City Center,MG Road,Cab,27.79,432.77,4
665,2023-05-03 13:20:00,2023-05-03 14:14:00,University,Airport,Bus,21.45,345.44,3
666,2023-05-03 13:25:00,2023-05-03 13:35:00,University,Mall,Cab,22.41,358.66,3
667,2023-05-03 13:30:00,2023-05-03 14:01:00,Bus Station,MG Road,Bus,26.13,409.9,2
668,2023-05-03 13:35:00,2023-05-03 14:01:00,University,University,Cab,9.67,183.19,4
669,2023-05-03 13:40:00,2023-05-03 13:56:00,University,Bus Station,Cab,24.6,388.83,1
670,2023-05-03 13:45:00,2023-05-03 14:19:00,MG Road,Tech Park,Auto,7.47,152.89,1
671,2023-05-03 13:50:00,2023-05-03 14:44:00,Bus Station,MG Road,Cab,11.67,210.74,3
672,2023-05-03 13:55:00,2023-05-03 14:08:00,Tech Park,Bus Station,Auto,11.4,207.02,2
673,2023-05-03 14:00:00,2023-05-03 14:45:00,Mall,City Center,Bike,29.4,454.94,2
674,2023-05-03 14:05:00,2023-05-03 14:20:00,MG Road,Bus Station,Bike,25.98,407.84,1
675,2023-05-03 14:10:00,2023-05-03 14:50:00,Tech Park,Tech Park,Auto,21.63,347.92,4
676,2023-05-03 14:15:00,2023-05-03 14:43:00,City Center,Bus Station,Auto,22.36,357.98,4
677,2023-05-03 14:20:00,2023-05-03 15:13:00,MG Road,Airport,Bus,17.74,294.34,1
678,2023-05-03 14:25:00,2023-05-03 15:13:00,Tech Park,Tech Park,Bus,28.52,442.82,1
679,2023-05-03 14:30:00,2023-05-03 15:06:00,City Center,Mall,Bus,15.9,269.0,2
680,2023-05-03 14:35:00,2023-05-03 14:54:00,Bus Station,City Center,Bike,12.65,224.23,4
681,2023-05-03 14:40:00,2023-05-03 15:15:00,Mall,Airport,Bus,6.56,140.35,1
682,2023-05-03 14:45:00,2023-05-03 15:13:00,City Center,Mall,Cab,24.01,380.7,1
683,2023-05-03 14:50:00,2023-05-03 15:38:00,University,Bus Station,Cab,22.56,360.73,3
684,2023-05-03 14:55:00,2023-05-03 15:07:00,Airport,Tech Park,Bus,12.76,225.75,1
685,2023-05-03 15:00:00,2023-05-03 15:54:00,City Center,City Center,Cab,2.71,87.33,1
686,2023-05-03 15:05:00,2023-05-03 15:27:00,City Center,Airport,Bike,25.49,401.09,4
687,2023-05-03 15:10:00,2023-05-03 16:09:00,Mall,Mall,Cab,2.32,81.95,2
688,2023-05-03 15:15:00,2023-05-03 15:52:00,Airport,Mall,Bike,21.7,348.89,4
689,2023-05-03 15:20:00,2023-05-03 15:49:00,University,City Center,Auto,29.17,451.77,2
690,2023-05-03 15:25:00,2023-05-03 16:02:00,Tech Park,University,Auto,14.25,246.27,3
691,2023-05-03 15:30:00,2023-05-03 15:47:00,Tech Park,Bus Station,Auto,8.58,168.18,1
692,2023-05-03 15:35:00,2023-05-03 16:25:00,City Center,City Center,Auto,21.74,349.44,3
693,2023-05-03 15:40:00,2023-05-03 16:28:00,Airport,Mall,Cab,24.88,392.68,2
694,2023-05-03 15:45:00,2023-05-03 15:55:00,Airport,MG Road,Bus,17.3,288.28,4
695,2023-05-03 15:50:00,2023-05-03 16:02:00,University,Airport,Cab,29.08,450.53,4
696,2023-05-03 15:55:00,2023-05-03 16:17:00,Mall,City Center,Bike,3.45,97.52,3
697,2023-05-03 16:00:00,2023-05-03 16:37:00,Bus Station,University,Cab,16.13,272.17,2
698,2023-05-03 16:05:00,2023-05-03 17:03:00,Tech Park,Mall,Cab,22.12,354.67,3
699,2023-05-03 16:10:00,2023-05-03 16:44:00,Mall,Bus Station,Bike,26.15,410.18,3
700,2023-05-03 16:15:00,2023-05-03 16:57:00,MG Road,Mall,Auto,7.02,146.69,1
701,2023-05-03 16:20:00,2023-05-03 17:07:00,Tech Park,Bus Station,Auto,24.4,386.07,3
702,2023-05-03 16:25:00,2023-05-03 16:40:00,Mall,City Center,Auto,17.48,290.76,1
703,2023-05-03 16:30:00,2023-05-03 17:23:00,Tech Park,Bus Station,Bus,13.1,230.43,1
704,2023-05-03 16:35:00,2023-05-03 17:29:00,Bus Station,Tech Park,Bike,5.69,128.37,4
705,2023-05-03 16:40:00,2023-05-03 17:21:00,MG Road,Tech Park,Bike,26.23,411.28,1
706,2023-05-03 16:45:00,2023-05-03 17:39:00,Bus Station,Tech Park,Cab,6.4,138.15,1
707,2023-05-03 16:50:00,2023-05-03 17:46:00,University,University,Bus,10.67,196.96,4
708,2023-05-03 16:55:00,2023-05-03 17:25:00,MG Road,University,Auto,10.12,189.39,3
709,2023-05-03 17:00:00,2023-05-03 17:25:00,City Center,MG Road,Bus,26.4,413.62,2
710,2023-05-03 17:05:00,2023-05-03 17:35:00,Mall,University,Bike,20.84,337.04,2
711,2023-05-03 17:10:00,2023-05-03 17:30:00,MG Road,City Center,Bike,24.31,384.83,2
712,2023-05-03 17:15:00,2023-05-03 18:01:00,University,Mall,Cab,9.01,174.1,3
713,2023-05-03 17:20:00,2023-05-03 18:05:00,University,Mall,Cab,19.5,318.58,1
714,2023-05-03 17:25:00,2023-05-03 18:09:00,Bus Station,MG Road,Bike,18.01,298.06,2
715,2023-05-03 17:30:00,2023-05-03 17:58:00,Tech Park,University,Auto,25.32,398.75,3
716,2023-05-03 17:35:00,2023-05-03 18:04:00,MG Road,Bus Station,Auto,27.37,426.98,1
717,2023-05-03 17:40:00,2023-05-03 18:07:00,Mall,MG Road,Bus,2.34,82.23,4
718,2023-05-03 17:45:00,2023-05-03 18:41:00,MG Road,Bus Station,Bike,20.87,337.45,2
719,2023-05-03 17:50:00,2023-05-03 18:40:00,Airport,Bus Station,Bike,3.45,97.52,1
720,2023-05-03 17:55:00,2023-05-03 18:53:00,Tech Park,Airport,Auto,17.37,289.25,2
721,2023-05-03 18:00:00,2023-05-03 18:23:00,Mall,Mall,Auto,10.05,188.42,2
722,2023-05-03 18:05:00,2023-05-03 18:29:00,Mall,Tech Park,Bike,10.59,195.86,2
723,2023-05-03 18:10:00,2023-05-03 18:50:00,City Center,University,Cab,11.88,213.63,1
724,2023-05-03 18:15:00,2023-05-03 18:25:00,Bus Station,Bus Station,Bike,19.4,317.21,3
725,2023-05-03 18:20:00,2023-05-03 18:32:00,City Center,Airport,Bike,11.35,206.33,1
726,2023-05-03 18:25:00,2023-05-03 18:50:00,Mall,Mall,Auto,22.52,360.18,2
727,2023-05-03 18:30:00,2023-05-03 19:02:00,Tech Park,Tech Park,Auto,13.33,233.6,1
728,2023-05-03 18:35:00,2023-05-03 18:55:00,MG Road,Bus Station,Cab,3.91,103.85,4
729,2023-05-03 18:40:00,2023-05-03 19:01:00,MG Road,Bus Station,Cab,23.95,379.88,3
730,2023-05-03 18:45:00,2023-05-03 19:04:00,Tech Park,MG Road,Bus,10.0,187.74,1
731,2023-05-03 18:50:00,2023-05-03 19:31:00,Mall,MG Road,Bike,14.12,244.48,4
732,2023-05-03 18:55:00,2023-05-03 19:20:00,University,Mall,Auto,21.19,341.86,3
733,2023-05-03 19:00:00,2023-05-03 19:17:00,MG Road,Tech Park,Cab,11.31,205.78,4
734,2023-05-03 19:05:00,2023-05-03 19:52:00,University,Bus Station,Bus,3.58,99.31,3
735,2023-05-03 19:10:00,2023-05-03 19:31:00,MG Road,Mall,Bus,12.47,221.76,1
736,2023-05-03 19:15:00,2023-05-03 19:48:00,MG Road,Mall,Auto,28.44,441.72,4
737,2023-05-03 19:20:00,2023-05-03 19:57:00,Bus Station,City Center,Auto,19.97,325.06,2
738,2023-05-03 19:25:00,2023-05-03 19:42:00,Bus Station,University,Bus,20.8,336.49,4
739,2023-05-03 19:30:00,2023-05-03 20:07:00,Airport,MG Road,Cab,19.7,321.34,3
740,2023-05-03 19:35:00,2023-05-03 20:20:00,City Center,Tech Park,Bus,7.57,154.27,1
741,2023-05-03 19:40:00,2023-05-03 20:15:00,Tech Park,Bus Station,Bike,13.71,238.83,3
742,2023-05-03 19:45:00,2023-05-03 20:02:00,Tech Park,Mall,Bike,23.03,367.2,4
743,2023-05-03 19:50:00,2023-05-03 20:49:00,Tech Park,Bus Station,Auto,4.84,116.66,4
744,2023-05-03 19:55:00,2023-05-03 20:32:00,Airport,City Center,Cab,9.78,184.7,2
745,2023-05-03 20:00:00,2023-05-03 20:37:00,Bus Station,Tech Park,Cab,9.74,184.15,1
746,2023-05-03 20:05:00,2023-05-03 20:51:00,Mall,Mall,Bike,14.1,244.21,1
747,2023-05-03 20:10:00,2023-05-03 21:00:00,University,Bus Station,Bus,29.45,455.63,4
748,2023-05-03 20:15:00,2023-05-03 21:00:00,University,MG Road,Auto,3.89,103.58,1
749,2023-05-03 20:20:00,2023-05-03 20:56:00,Mall,University,Bus,16.52,277.54,2
750,2023-05-03 20:25:00,2023-05-03 20:51:00,Airport,City Center,Bus,7.02,146.69,3
751,2023-05-03 20:30:00,2023-05-03 20:48:00,Mall,Tech Park,Bus,29.18,451.91,1
752,2023-05-03 20:35:00,2023-05-03 21:17:00,Tech Park,City Center,Cab,5.17,121.21,4
753,2023-05-03 20:40:00,2023-05-03 21:09:00,City Center,MG Road,Bike,13.3,233.19,3
754,2023-05-03 20:45:00,2023-05-03 21:07:00,MG Road,Tech Park,Cab,22.66,362.11,3
755,2023-05-03 20:50:00,2023-05-03 21:27:00,University,City Center,Bike,21.73,349.3,2
756,2023-05-03 20:55:00,2023-05-03 21:52:00,Bus Station,Airport,Auto,13.84,240.63,4
757,2023-05-03 21:00:00,2023-05-03 21:38:00,Bus Station,MG Road,Auto,11.7,211.15,1
758,2023-05-03 21:05:00,2023-05-03 21:27:00,Airport,MG Road,Bus,13.13,230.85,4
759,2023-05-03 21:10:00,2023-05-03 22:05:00,Bus Station,MG Road,Bike,9.4,179.47,3
760,2023-05-03 21:15:00,2023-05-03 21:59:00,Tech Park,Airport,Bike,7.75,156.74,4
761,2023-05-03 21:20:00,2023-05-03 21:35:00,University,Airport,Bike,15.53,263.9,1
762,2023-05-03 21:25:00,2023-05-03 21:52:00,Mall,Bus Station,Bus,9.52,181.12,1
763,2023-05-03 21:30:00,2023-05-03 21:44:00,Tech Park,Mall,Bus,10.05,188.42,2
764,2023-05-03 21:35:00,2023-05-03 22:31:00,Airport,University,Auto,20.39,330.84,1
765,2023-05-03 21:40:00,2023-05-03 22:14:00,Tech Park,City Center,Cab,29.12,451.08,1
766,2023-05-03 21:45:00,2023-05-03 21:56:00,Mall,Bus Station,Bike,18.9,310.32,4
767,2023-05-03 21:50:00,2023-05-03 22:09:00,City Center,City Center,Bike,4.16,107.3,4
768,2023-05-03 21:55:00,2023-05-03 22:34:00,Airport,University,Cab,4.12,106.75,3
769,2023-05-03 22:00:00,2023-05-03 22:59:00,City Center,Mall,Bike,28.64,444.47,2
770,2023-05-03 22:05:00,2023-05-03 22:59:00,MG Road,Airport,Bus,10.32,192.14,4
771,2023-05-03 22:10:00,2023-05-03 22:24:00,City Center,Mall,Bus,4.58,113.08,1
772,2023-05-03 22:15:00,2023-05-03 22:57:00,MG Road,Airport,Bike,18.77,308.53,3
773,2023-05-03 22:20:00,2023-05-03 22:30:00,MG Road,University,Bus,19.46,318.03,4
774,2023-05-03 22:25:00,2023-05-03 22:52:00,City Center,Mall,Bus,20.16,327.67,2
775,2023-05-03 22:30:00,2023-05-03 23:11:00,Airport,Bus Station,Bike,9.49,180.71,2
776,2023-05-03 22:35:00,2023-05-03 23:31:00,Mall,Tech Park,Auto,2.42,83.33,3
777,2023-05-03 22:40:00,2023-05-03 23:38:00,Tech Park,Bus Station,Cab,29.02,449.71,3
778,2023-05-03 22:45:00,2023-05-03 23:05:00,Tech Park,City Center,Bus,9.03,174.37,3
779,2023-05-03 22:50:00,2023-05-03 23:20:00,Mall,Bus Station,Auto,20.93,338.28,3
780,2023-05-03 22:55:00,2023-05-03 23:30:00,University,University,Bus,21.79,350.12,3
781,2023-05-03 23:00:00,2023-05-03 23:34:00,University,MG Road,Bus,19.08,312.8,1
782,2023-05-03 23:05:00,2023-05-03 23:36:00,MG Road,City Center,Cab,10.76,198.2,1
783,2023-05-03 23:10:00,2023-05-03 23:46:00,MG Road,Mall,Bus,9.59,182.09,4
784,2023-05-03 23:15:00,2023-05-04 00:13:00,Airport,City Center,Cab,18.73,307.98,2
785,2023-05-03 23:20:00,2023-05-03 23:42:00,Bus Station,Tech Park,Cab,26.25,411.55,1
786,2023-05-03 23:25:00,2023-05-04 00:07:00,City Center,Airport,Cab,28.51,442.68,1
787,2023-05-03 23:30:00,2023-05-04 00:13:00,MG Road,Mall,Auto,4.97,118.45,1
788,2023-05-03 23:35:00,2023-05-04 00:25:00,Tech Park,City Center,Bike,6.34,137.32,4
789,2023-05-03 23:40:00,2023-05-04 00:24:00,Airport,Mall,Auto,28.45,441.86,3
790,2023-05-03 23:45:00,2023-05-03 23:55:00,City Center,Mall,Bike,22.62,361.56,4
791,2023-05-03 23:50:00,2023-05-04 00:20:00,Airport,Mall,Bike,26.72,418.03,2
792,2023-05-03 23:55:00,2023-05-04 00:52:00,City Center,Airport,Cab,7.67,155.64,2
793,2023-05-04 00:00:00,2023-05-04 00:15:00,City Center,University,Bus,18.45,304.12,2
794,2023-05-04 00:05:00,2023-05-04 00:42:00,Mall,Bus Station,Cab,21.63,347.92,2
795,2023-05-04 00:10:00,2023-05-04 00:36:00,MG Road,Mall,Bus,21.04,339.79,1
796,2023-05-04 00:15:00,2023-05-04 00:29:00,Airport,MG Road,Bike,13.43,234.98,1
797,2023-05-04 00:20:00,2023-05-04 01:00:00,Airport,University,Cab,2.43,83.47,4
798,2023-05-04 00:25:00,2023-05-04 00:39:00,Mall,Tech Park,Bus,18.32,302.33,3
799,2023-05-04 00:30:00,2023-05-04 01:17:00,Tech Park,Airport,Auto,9.09,175.2,2
800,2023-05-04 00:35:00,2023-05-04 00:47:00,Tech Park,City Center,Bus,14.61,251.23,4
801,2023-05-04 00:40:00,2023-05-04 01:12:00,University,Airport,Cab,28.81,446.81,1
802,2023-05-04 00:45:00,2023-05-04 01:31:00,MG Road,City Center,Auto,13.17,231.4,1
803,2023-05-04 00:50:00,2023-05-04 01:36:00,MG Road,Airport,Bus,25.51,401.36,3
804,2023-05-04 00:55:00,2023-05-04 01:14:00,Bus Station,City Center,Bus,7.28,150.27,3
805,2023-05-04 01:00:00,2023-05-04 01:19:00,Mall,Mall,Bus,20.83,336.9,3
806,2023-05-04 01:05:00,2023-05-04 01:33:00,Tech Park,Bus Station,Bus,29.36,454.39,4
807,2023-05-04 01:10:00,2023-05-04 01:36:00,City Center,City Center,Bus,4.85,116.8,1
808,2023-05-04 01:15:00,2023-05-04 01:45:00,Airport,City Center,Auto,2.23,80.71,1
809,2023-05-04 01:20:00,2023-05-04 01:43:00,MG Road,MG Road,Bike,14.14,244.76,3
810,2023-05-04 01:25:00,2023-05-04 01:43:00,Airport,City Center,Auto,4.59,113.22,2
811,2023-05-04 01:30:00,2023-05-04 02:25:00,Airport,MG Road,Auto,22.95,366.1,3
812,2023-05-04 01:35:00,2023-05-04 01:45:00,Bus Station,Tech Park,Auto,27.61,430.29,4
813,2023-05-04 01:40:00,2023-05-04 02:34:00,Tech Park,Mall,Bike,14.15,244.9,3
814,2023-05-04 01:45:00,2023-05-04 02:07:00,MG Road,MG Road,Cab,9.24,177.27,3
815,2023-05-04 01:50:00,2023-05-04 02:03:00,Airport,Bus Station,Bike,14.16,245.03,4
816,2023-05-04 01:55:00,2023-05-04 02:05:00,MG Road,University,Auto,22.26,356.6,3
817,2023-05-04 02:00:00,2023-05-04 02:58:00,City Center,Mall,Bus,2.25,80.99,1
818,2023-05-04 02:05:00,2023-05-04 02:54:00,Bus Station,MG Road,Bus,18.5,304.81,2
819,2023-05-04 02:10:00,2023-05-04 02:51:00,City Center,Mall,Auto,19.17,314.04,3
820,2023-05-04 02:15:00,2023-05-04 02:58:00,MG Road,Mall,Bus,19.86,323.54,4
821,2023-05-04 02:20:00,2023-05-04 02:57:00,University,Mall,Auto,8.78,170.93,2
822,2023-05-04 02:25:00,2023-05-04 03:05:00,MG Road,Tech Park,Bus,21.99,352.88,4
823,2023-05-04 02:30:00,2023-05-04 02:47:00,Tech Park,Bus Station,Bike,4.56,112.81,2
824,2023-05-04 02:35:00,2023-05-04 03:23:00,Airport,Airport,Cab,7.58,154.4,2
825,2023-05-04 02:40:00,2023-05-04 03:15:00,Airport,Airport,Cab,26.57,415.96,3
826,2023-05-04 02:45:00,2023-05-04 03:28:00,City Center,MG Road,Bike,22.68,362.38,1
827,2023-05-04 02:50:00,2023-05-04 03:02:00,Bus Station,Mall,Bike,2.38,82.78,3
828,2023-05-04 02:55:00,2023-05-04 03:54:00,University,MG Road,Auto,8.95,173.27,4
829,2023-05-04 03:00:00,2023-05-04 03:21:00,Mall,Tech Park,Auto,8.0,160.19,4
830,2023-05-04 03:05:00,2023-05-04 03:15:00,Airport,Tech Park,Auto,9.58,181.95,2
831,2023-05-04 03:10:00,2023-05-04 04:03:00,Tech Park,City Center,Bus,8.93,173.0,2
832,2023-05-04 03:15:00,2023-05-04 03:29:00,City Center,Tech Park,Auto,3.75,101.65,1
833,2023-05-04 03:20:00,2023-05-04 03:59:00,City Center,City Center,Bike,14.85,254.54,3
834,2023-05-04 03:25:00,2023-05-04 04:04:00,Mall,Bus Station,Cab,22.52,360.18,4
835,2023-05-04 03:30:00,2023-05-04 03:56:00,Tech Park,MG Road,Bus,18.99,311.56,2
836,2023-05-04 03:35:00,2023-05-04 04:32:00,Bus Station,University,Auto,20.84,337.04,1
837,2023-05-04 03:40:00,2023-05-04 04:36:00,Tech Park,Bus Station,Bus,4.27,108.81,4
838,2023-05-04 03:45:00,2023-05-04 04:17:00,Bus Station,Tech Park,Bus,28.64,444.47,2
839,2023-05-04 03:50:00,2023-05-04 04:14:00,Tech Park,Bus Station,Auto,25.48,400.95,4
840,2023-05-04 03:55:00,2023-05-04 04:41:00,Tech Park,Bus Station,Bus,24.54,388.0,1
841,2023-05-04 04:00:00,2023-05-04 04:30:00,MG Road,Bus Station,Cab,25.04,394.89,1
842,2023-05-04 04:05:00,2023-05-04 04:28:00,City Center,Tech Park,Bike,28.12,437.31,4
843,2023-05-04 04:10:00,2023-05-04 04:21:00,Tech Park,University,Bike,17.24,287.46,3
844,2023-05-04 04:15:00,2023-05-04 04:35:00,Mall,Mall,Cab,7.61,154.82,4
845,2023-05-04 04:20:00,2023-05-04 05:08:00,Tech Park,Bus Station,Bus,19.27,315.42,2
846,2023-05-04 04:25:00,2023-05-04 05:12:00,Airport,City Center,Auto,22.8,364.04,3
847,2023-05-04 04:30:00,2023-05-04 05:13:00,City Center,Tech Park,Bus,22.66,362.11,2
848,2023-05-04 04:35:00,2023-05-04 05:22:00,Airport,Bus Station,Cab,16.6,278.64,4
849,2023-05-04 04:40:00,2023-05-04 05:39:00,City Center,University,Bus,3.92,103.99,3
850,2023-05-04 04:45:00,2023-05-04 05:28:00,Airport,Mall,Bike,12.39,220.65,2
851,2023-05-04 04:50:00,2023-05-04 05:17:00,Tech Park,Tech Park,Bus,27.78,432.63,4
852,2023-05-04 04:55:00,2023-05-04 05:34:00,Tech Park,Airport,Cab,18.36,302.88,4
853,2023-05-04 05:00:00,2023-05-04 05:24:00,MG Road,Mall,Bike,17.07,285.11,3
854,2023-05-04 05:05:00,2023-05-04 05:41:00,Mall,City Center,Bus,9.53,181.26,4
855,2023-05-04 05:10:00,2023-05-04 05:53:00,Airport,Bus Station,Bus,12.32,219.69,1
856,2023-05-04 05:15:00,2023-05-04 06:02:00,Bus Station,University,Bike,27.07,422.85,2
857,2023-05-04 05:20:00,2023-05-04 06:02:00,MG Road,Airport,Auto,20.66,334.56,2
858,2023-05-04 05:25:00,2023-05-04 05:58:00,Airport,University,Bike,24.05,381.25,4
859,2023-05-04 05:30:00,2023-05-04 05:54:00,Airport,Airport,Auto,14.72,252.75,4
860,2023-05-04 05:35:00,2023-05-04 06:14:00,MG Road,Tech Park,Cab,19.65,320.65,1
861,2023-05-04 05:40:00,2023-05-04 06:31:00,Tech Park,Airport,Cab,8.95,173.27,3
862,2023-05-04 05:45:00,2023-05-04 06:11:00,Airport,City Center,Bike,21.75,349.57,4
863,2023-05-04 05:50:00,2023-05-04 06:04:00,Tech Park,City Center,Bike,13.97,242.42,4
864,2023-05-04 05:55:00,2023-05-04 06:33:00,MG Road,MG Road,Cab,14.39,248.2,4
865,2023-05-04 06:00:00,2023-05-04 06:13:00,Tech Park,City Center,Auto,20.18,327.95,4
866,2023-05-04 06:05:00,2023-05-04 06:24:00,City Center,Mall,Cab,28.22,438.69,2
867,2023-05-04 06:10:00,2023-05-04 06:36:00,Bus Station,Airport,Bike,3.79,102.2,4
868,2023-05-04 06:15:00,2023-05-04 06:34:00,University,City Center,Cab,25.09,395.58,2
869,2023-05-04 06:20:00,2023-05-04 06:46:00,Airport,Tech Park,Bike,10.19,190.35,4
870,2023-05-04 06:25:00,2023-05-04 06:54:00,Mall,University,Bike,14.43,248.75,3
871,2023-05-04 06:30:00,2023-05-04 07:03:00,Bus Station,University,Cab,2.61,85.95,1
872,2023-05-04 06:35:00,2023-05-04 06:49:00,University,MG Road,Auto,10.43,193.66,3
873,2023-05-04 06:40:00,2023-05-04 07:23:00,Tech Park,University,Bus,16.07,271.34,4
874,2023-05-04 06:45:00,2023-05-04 07:00:00,Airport,Airport,Cab,3.57,99.17,4
875,2023-05-04 06:50:00,2023-05-04 07:01:00,Tech Park,MG Road,Bus,15.75,266.93,4
876,2023-05-04 06:55:00,2023-05-04 07:17:00,City Center,Airport,Cab,27.96,435.11,3
877,2023-05-04 07:00:00,2023-05-04 07:52:00,MG Road,Tech Park,Bus,4.95,118.18,4
878,2023-05-04 07:05:00,2023-05-04 07:57:00,Airport,MG Road,Auto,23.4,372.3,3
879,2023-05-04 07:10:00,2023-05-04 08:07:00,University,Bus Station,Auto,13.47,235.53,2
880,2023-05-04 07:15:00,2023-05-04 07:35:00,University,Mall,Cab,20.34,330.15,1
881,2023-05-04 07:20:00,2023-05-04 08:16:00,City Center,Mall,Bike,9.29,177.96,1
882,2023-05-04 07:25:00,2023-05-04 07:57:00,City Center,Airport,Bus,6.47,139.11,3
883,2023-05-04 07:30:00,2023-05-04 07:55:00,Airport,University,Bike,6.49,139.39,2
884,2023-05-04 07:35:00,2023-05-04 08:15:00,Tech Park,Bus Station,Bike,3.97,104.68,3
885,2023-05-04 07:40:00,2023-05-04 08:00:00,Mall,MG Road,Bike,7.2,149.17,2
886,2023-05-04 07:45:00,2023-05-04 08:10:00,University,Bus Station,Auto,20.6,333.73,4
887,2023-05-04 07:50:00,2023-05-04 08:07:00,University,Bus Station,Cab,26.69,417.61,2
888,2023-05-04 07:55:00,2023-05-04 08:08:00,City Center,University,Cab,24.8,391.58,2
889,2023-05-04 08:00:00,2023-05-04 08:49:00,Bus Station,MG Road,Auto,21.18,341.72,2
890,2023-05-04 08:05:00,2023-05-04 08:18:00,City Center,Tech Park,Auto,5.09,120.11,1
891,2023-05-04 08:10:00,2023-05-04 08:44:00,Mall,University,Cab,10.1,189.11,2
892,2023-05-04 08:15:00,2023-05-04 08:27:00,Tech Park,Bus Station,Bike,10.67,196.96,4
893,2023-05-04 08:20:00,2023-05-04 09:01:00,Tech Park,Bus Station,Bus,9.0,173.96,4
894,2023-05-04 08:25:00,2023-05-04 08:37:00,Bus Station,Tech Park,Bus,16.42,276.16,4
895,2023-05-04 08:30:00,2023-05-04 09:06:00,University,Bus Station,Bus,17.0,284.15,2
896,2023-05-04 08:35:00,2023-05-04 09:13:00,City Center,Bus Station,Bike,11.99,215.14,3
897,2023-05-04 08:40:00,2023-05-04 09:21:00,Tech Park,Bus Station,Cab,11.91,214.04,3
898,2023-05-04 08:45:00,2023-05-04 09:44:00,Mall,Mall,Auto,25.2,397.09,4
899,2023-05-04 08:50:00,2023-05-04 09:18:00,Airport,University,Cab,24.1,381.94,1
900,2023-05-04 08:55:00,2023-05-04 09:25:00,MG Road,City Center,Bike,10.62,196.27,3
901,2023-05-04 09:00:00,2023-05-04 09:14:00,MG Road,University,Auto,27.59,430.01,2
902,2023-05-04 09:05:00,2023-05-04 09:32:00,MG Road,Tech Park,Bike,28.68,445.02,3
903,2023-05-04 09:10:00,2023-05-04 09:47:00,University,Bus Station,Bus,11.15,203.57,4
904,2023-05-04 09:15:00,2023-05-04 10:06:00,City Center,University,Bus,11.92,214.18,1
905,2023-05-04 09:20:00,2023-05-04 09:51:00,Bus Station,Mall,Bike,16.16,272.58,3
906,2023-05-04 09:25:00,2023-05-04 09:55:00,Tech Park,Tech Park,Auto,28.35,440.48,3
907,2023-05-04 09:30:00,2023-05-04 09:45:00,Airport,Airport,Auto,26.54,415.55,4
908,2023-05-04 09:35:00,2023-05-04 09:45:00,Mall,University,Cab,4.87,117.08,1
909,2023-05-04 09:40:00,2023-05-04 09:54:00,Airport,Airport,Bus,13.0,229.06,1
910,2023-05-04 09:45:00,2023-05-04 10:35:00,Mall,Bus Station,Cab,17.49,290.9,4
911,2023-05-04 09:50:00,2023-05-04 10:11:00,University,Mall,Cab,16.09,271.62,2
912,2023-05-04 09:55:00,2023-05-04 10:30:00,City Center,Mall,Bike,7.43,152.34,3
913,2023-05-04 10:00:00,2023-05-04 10:55:00,MG Road,University,Bike,26.05,408.8,2
914,2023-05-04 10:05:00,2023-05-04 10:48:00,City Center,Tech Park,Cab,20.95,338.55,3
915,2023-05-04 10:10:00,2023-05-04 11:08:00,University,Tech Park,Bus,25.46,400.67,3
916,2023-05-04 10:15:00,2023-05-04 10:38:00,Bus Station,Mall,Bike,26.05,408.8,2
917,2023-05-04 10:20:00,2023-05-04 10:55:00,Bus Station,Tech Park,Cab,22.95,366.1,4
918,2023-05-04 10:25:00,2023-05-04 11:19:00,University,Mall,Cab,14.3,246.96,4
919,2023-05-04 10:30:00,2023-05-04 11:06:00,Mall,University,Cab,19.1,313.07,3
920,2023-05-04 10:35:00,2023-05-04 10:53:00,Tech Park,City Center,Cab,6.49,139.39,4
921,2023-05-04 10:40:00,2023-05-04 11:15:00,Tech Park,Mall,Cab,20.86,337.32,3
922,2023-05-04 10:45:00,2023-05-04 11:41:00,Mall,Airport,Cab,7.02,146.69,4
923,2023-05-04 10:50:00,2023-05-04 11:21:00,Bus Station,Tech Park,Bike,21.43,345.17,3
924,2023-05-04 10:55:00,2023-05-04 11:51:00,Bus Station,Mall,Bus,8.43,166.11,4
925,2023-05-04 11:00:00,2023-05-04 11:39:00,Bus Station,Mall,Cab,5.29,122.86,1
926,2023-05-04 11:05:00,2023-05-04 11:57:00,City Center,University,Auto,6.63,141.32,2
927,2023-05-04 11:10:00,2023-05-04 12:07:00,Bus Station,Tech Park,Bike,2.06,78.37,1
928,2023-05-04 11:15:00,2023-05-04 11:41:00,Airport,City Center,Bike,22.12,354.67,2
929,2023-05-04 11:20:00,2023-05-04 11:55:00,MG Road,University,Cab,22.51,360.04,2
930,2023-05-04 11:25:00,2023-05-04 12:10:00,Bus Station,City Center,Bike,16.42,276.16,3
931,2023-05-04 11:30:00,2023-05-04 11:40:00,Mall,University,Cab,6.52,139.8,2
932,2023-05-04 11:35:00,2023-05-04 11:52:00,MG Road,Tech Park,Bus,4.34,109.78,1
933,2023-05-04 11:40:00,2023-05-04 12:38:00,City Center,MG Road,Bus,2.54,84.98,1
934,2023-05-04 11:45:00,2023-05-04 12:29:00,Mall,Tech Park,Bike,6.64,141.46,4
935,2023-05-04 11:50:00,2023-05-04 12:14:00,MG Road,Tech Park,Bike,26.94,421.06,1
936,2023-05-04 11:55:00,2023-05-04 12:51:00,Mall,City Center,Auto,8.76,170.66,4
937,2023-05-04 12:00:00,2023-05-04 12:31:00,City Center,City Center,Bike,11.92,214.18,2
938,2023-05-04 12:05:00,2023-05-04 12:28:00,Airport,Tech Park,Auto,4.95,118.18,1
939,2023-05-04 12:10:00,2023-05-04 12:45:00,City Center,Tech Park,Bus,8.23,163.36,2
940,2023-05-04 12:15:00,2023-05-04 12:52:00,City Center,Tech Park,Bus,16.54,277.81,1
941,2023-05-04 12:20:00,2023-05-04 12:52:00,Mall,City Center,Cab,19.02,311.97,1
942,2023-05-04 12:25:00,2023-05-04 12:48:00,University,Tech Park,Bus,8.87,172.17,4
943,2023-05-04 12:30:00,2023-05-04 13:03:00,Tech Park,Tech Park,Auto,3.62,99.86,2
944,2023-05-04 12:35:00,2023-05-04 12:46:00,Bus Station,Bus Station,Bike,12.95,228.37,1
945,2023-05-04 12:40:00,2023-05-04 13:34:00,Bus Station,MG Road,Cab,8.56,167.9,3
946,2023-05-04 12:45:00,2023-05-04 13:20:00,Airport,Airport,Auto,8.15,162.25,2
947,2023-05-04 12:50:00,2023-05-04 13:13:00,Airport,MG Road,Bike,28.88,447.78,2
948,2023-05-04 12:55:00,2023-05-04 13:11:00,Bus Station,Bus Station,Cab,19.26,315.28,2
949,2023-05-04 13:00:00,2023-05-04 13:12:00,Tech Park,Airport,Bus,17.59,292.28,4
950,2023-05-04 13:05:00,2023-05-04 14:01:00,Bus Station,University,Auto,13.64,237.87,3
951,2023-05-04 13:10:00,2023-05-04 13:42:00,University,Tech Park,Bike,14.01,242.97,2
952,2023-05-04 13:15:00,2023-05-04 14:10:00,Tech Park,Bus Station,Cab,17.15,286.22,1
953,2023-05-04 13:20:00,2023-05-04 14:12:00,Airport,University,Cab,21.5,346.13,1
954,2023-05-04 13:25:00,2023-05-04 14:21:00,MG Road,Tech Park,Bus,21.66,348.33,4
955,2023-05-04 13:30:00,2023-05-04 14:24:00,Mall,City Center,Bike,6.81,143.8,1
956,2023-05-04 13:35:00,2023-05-04 14:02:00,University,Mall,Bus,16.0,270.38,2
957,2023-05-04 13:40:00,2023-05-04 14:27:00,University,Bus Station,Bus,13.53,236.36,1
958,2023-05-04 13:45:00,2023-05-04 14:29:00,Airport,City Center,Bike,26.37,413.21,2
959,2023-05-04 13:50:00,2023-05-04 14:14:00,Airport,Bus Station,Bike,19.68,321.06,1
960,2023-05-04 13:55:00,2023-05-04 14:29:00,City Center,Bus Station,Bike,16.91,282.91,3
961,2023-05-04 14:00:00,2023-05-04 14:46:00,University,City Center,Auto,5.23,122.04,4
962,2023-05-04 14:05:00,2023-05-04 14:42:00,City Center,Airport,Bike,18.96,311.15,4
963,2023-05-04 14:10:00,2023-05-04 14:29:00,City Center,MG Road,Cab,5.28,122.72,3
964,2023-05-04 14:15:00,2023-05-04 15:03:00,Mall,Tech Park,Bus,11.44,207.57,3
965,2023-05-04 14:20:00,2023-05-04 14:46:00,City Center,Bus Station,Auto,6.0,132.64,4
966,2023-05-04 14:25:00,2023-05-04 15:13:00,Tech Park,Tech Park,Bike,21.38,344.48,3
967,2023-05-04 14:30:00,2023-05-04 15:01:00,Bus Station,Mall,Auto,7.78,157.16,2
968,2023-05-04 14:35:00,2023-05-04 15:10:00,MG Road,City Center,Bike,12.97,228.64,1
969,2023-05-04 14:40:00,2023-05-04 15:33:00,Airport,Tech Park,Auto,27.08,422.99,4
970,2023-05-04 14:45:00,2023-05-04 15:19:00,Tech Park,City Center,Bus,7.72,156.33,3
971,2023-05-04 14:50:00,2023-05-04 15:16:00,MG Road,Tech Park,Bus,16.22,273.41,2
972,2023-05-04 14:55:00,2023-05-04 15:17:00,University,MG Road,Cab,13.74,239.25,4
973,2023-05-04 15:00:00,2023-05-04 15:29:00,University,MG Road,Cab,2.51,84.57,3
974,2023-05-04 15:05:00,2023-05-04 15:39:00,University,MG Road,Bike,24.2,383.32,4
975,2023-05-04 15:10:00,2023-05-04 15:23:00,Tech Park,MG Road,Bus,3.93,104.13,3
976,2023-05-04 15:15:00,2023-05-04 15:34:00,Tech Park,MG Road,Auto,15.28,260.46,4
977,2023-05-04 15:20:00,2023-05-04 15:32:00,Airport,MG Road,Auto,17.7,293.79,2
978,2023-05-04 15:25:00,2023-05-04 16:15:00,Bus Station,City Center,Auto,19.6,319.96,2
979,2023-05-04 15:30:00,2023-05-04 16:24:00,City Center,Bus Station,Cab,21.28,343.1,1
980,2023-05-04 15:35:00,2023-05-04 16:02:00,University,Tech Park,Auto,9.09,175.2,4
981,2023-05-04 15:40:00,2023-05-04 16:36:00,Mall,MG Road,Cab,2.28,81.4,1
982,2023-05-04 15:45:00,2023-05-04 16:30:00,Bus Station,City Center,Cab,22.26,356.6,4
983,2023-05-04 15:50:00,2023-05-04 16:46:00,Mall,City Center,Bike,17.0,284.15,3
984,2023-05-04 15:55:00,2023-05-04 16:26:00,Airport,City Center,Auto,25.41,399.98,3
985,2023-05-04 16:00:00,2023-05-04 16:43:00,Airport,Bus Station,Auto,25.0,394.34,1
986,2023-05-04 16:05:00,2023-05-04 17:01:00,Airport,Tech Park,Bus,25.61,402.74,4
987,2023-05-04 16:10:00,2023-05-04 16:27:00,MG Road,Bus Station,Bike,15.58,264.59,1
988,2023-05-04 16:15:00,2023-05-04 17:04:00,Mall,Airport,Bus,11.34,206.19,2
989,2023-05-04 16:20:00,2023-05-04 17:18:00,Bus Station,University,Bike,24.16,382.77,1
990,2023-05-04 16:25:00,2023-05-04 17:18:00,Bus Station,City Center,Auto,14.64,251.64,1
991,2023-05-04 16:30:00,2023-05-04 16:58:00,Tech Park,Airport,Cab,7.14,148.34,3
992,2023-05-04 16:35:00,2023-05-04 17:26:00,Tech Park,Mall,Cab,25.94,407.28,1
993,2023-05-04 16:40:00,2023-05-04 17:30:00,University,MG Road,Cab,26.71,417.89,4
994,2023-05-04 16:45:00,2023-05-04 17:31:00,Tech Park,University,Cab,15.06,257.43,3
995,2023-05-04 16:50:00,2023-05-04 17:05:00,Airport,MG Road,Cab,4.12,106.75,1
996,2023-05-04 16:55:00,2023-05-04 17:30:00,Bus Station,Bus Station,Bus,12.86,227.13,2
997,2023-05-04 17:00:00,2023-05-04 17:43:00,Mall,University,Bike,24.5,387.45,1
998,2023-05-04 17:05:00,2023-05-04 17:59:00,Airport,Tech Park,Auto,27.25,425.33,1
999,2023-05-04 17:10:00,2023-05-04 17:25:00,MG Road,Airport,Bus,7.7,156.06,1
1000,2023-05-04 17:15:00,2023-05-04 18:01:00,Tech Park,Tech Park,Bike,3.88,103.44,3
